1568905073129000000;-0.038147;-0.17453;-0.102051
1568905073134000000;0.0228882;0.00857544;0.0200195
1568905073139000000;0.144958;0.130646;0.0810547
1568905073145000000;0.0228882;0.00857544;0.0200195
1568905073150000000;0.0228882;-0.0524597;0.0200195
1568905073155000000;0.0228882;-0.0524597;-0.0410156
1568905073160000000;0.0228882;0.00857544;-0.0410156
1568905073165000000;0.0228882;0.00857544;-0.0410156
1568905073170000000;-0.038147;-0.0524597;0.0810547
1568905073176000000;-0.160217;-0.17453;0.0200195
1568905073181000000;-0.038147;-0.0524597;-0.102051
1568905073186000000;-0.038147;-0.0524597;0.0200195
1568905073191000000;-0.0991821;-0.357635;-0.0410156
1568905073196000000;-0.465393;-0.540741;0.203125
1568905073201000000;-0.404358;-0.784882;0.630371
1568905073206000000;-0.404358;-0.784882;0.630371
1568905073212000000;-0.587463;-0.967987;0.508301
1568905073217000000;0.0228882;-1.15109;0.447266
1568905073222000000;0.144958;-1.3342;0.447266
1568905073227000000;1.18256;-1.21213;0.14209
1568905073232000000;1.6098;-1.09006;-0.0410156
1568905073237000000;1.6098;-1.09006;-0.0410156
1568905073243000000;2.40326;-0.723846;-0.346191
1568905073248000000;2.6474;-0.357635;-0.285156
1568905073253000000;2.89154;-0.17453;-0.529297
1568905073258000000;3.62396;0.191681;-0.529297
1568905073263000000;4.17328;0.435822;-0.529297
1568905073268000000;4.47845;0.802032;-0.590332
1568905073274000000;4.78363;1.10721;-0.590332
1568905073279000000;5.21088;1.47342;-0.773438
1568905073284000000;5.33295;1.83963;-0.956543
1568905073289000000;5.9433;2.14481;-0.956543
1568905073294000000;6.43158;2.44998;-1.13965
1568905073299000000;7.164;2.57205;-1.44482
1568905073304000000;8.2016;3.06033;-1.87207
1568905073310000000;8.44574;3.1824;-1.75
1568905073315000000;9.48334;3.12137;-1.50586
1568905073320000000;10.3378;3.48758;-1.38379
1568905073325000000;11.3754;3.36551;-1.38379
1568905073330000000;11.7416;3.36551;-1.07861
1568905073335000000;11.6806;2.87723;-0.956543
1568905073340000000;12.291;2.63309;-0.651367
1568905073346000000;12.5961;2.14481;-0.407227
1568905073351000000;12.291;1.59549;0.0810547
1568905073356000000;11.6196;0.863068;0.38623
1568905073361000000;10.5209;-0.357635;0.38623
1568905073366000000;10.5209;-0.967987;0.569336
1568905073371000000;10.4599;-1.21213;0.508301
1568905073377000000;10.1547;-1.63937;0.569336
1568905073382000000;10.1547;-1.63937;0.569336
1568905073387000000;11.3144;-0.967987;-0.224121
1568905073392000000;13.4506;-0.479706;-0.590332
1568905073397000000;18.4555;0.374786;-1.01758
1568905073402000000;20.6528;1.53445;-1.13965
1568905073408000000;20.1035;1.41238;-1.56689
1568905073413000000;23.2162;2.02274;-1.62793
1568905073418000000;26.329;2.75516;-0.651367
1568905073423000000;27.8549;2.38895;-0.529297
1568905073428000000;29.8691;2.38895;-0.712402
1568905073433000000;32.9819;2.08377;-0.895508
1568905073439000000;34.2026;1.65652;-0.285156
1568905073444000000;34.6909;0.679962;-0.102051
1568905073449000000;34.7519;-0.0524597;-0.773438
1568905073454000000;33.0429;-0.845917;-0.956543
1568905073459000000;31.5781;-2.12766;-1.44482
1568905073464000000;30.9677;-2.86008;-1.68896
1568905073469000000;30.9067;-3.22629;-1.99414
1568905073475000000;30.2353;-3.53146;-2.42139
1568905073480000000;29.2587;-3.95871;-2.23828
1568905073485000000;27.0615;-3.83664;-1.99414
1568905073490000000;25.9628;-3.71457;-1.93311
1568905073495000000;26.0849;-3.34836;-1.99414
1568905073500000000;25.8408;-2.61594;-1.87207
1568905073505000000;25.4745;-2.31076;-1.75
1568905073511000000;25.9628;-1.82248;-1.62793
1568905073516000000;28.4653;-0.967987;-1.32275
1568905073521000000;31.395;-0.235565;-0.773438
1568905073526000000;32.9819;0.130646;-0.773438
1568905073531000000;34.7519;0.496857;-1.50586
1568905073536000000;36.7661;1.04617;-2.48242
1568905073541000000;39.5737;1.10721;-3.09277
1568905073546000000;39.5737;1.10721;-3.09277
1568905073552000000;43.663;0.740997;-2.90967
1568905073557000000;43.663;0.740997;-2.90967
1568905073562000000;43.8461;-1.02902;-2.84863
1568905073567000000;42.9306;-2.31076;-3.03174
1568905073572000000;41.7099;-4.75217;-2.17725
1568905073577000000;39.5126;-8.35324;-1.13965
1568905073582000000;37.4985;-9.1467;-0.224121
1568905073587000000;35.4843;-7.31564;0.0810547
1568905073593000000;33.4091;-5.66769;-0.590332
1568905073598000000;31.2119;-4.87424;-1.50586
1568905073603000000;30.0522;-3.83664;-2.36035
1568905073608000000;28.8925;-2.92111;-2.29932
1568905073613000000;27.7939;-2.12766;-1.99414
1568905073618000000;26.5732;-0.784882;-1.99414
1568905073624000000;25.3525;0.496857;-2.36035
1568905073629000000;24.2538;1.16824;-3.21484
1568905073634000000;23.6435;1.29031;-3.15381
1568905073639000000;23.5825;1.22928;-2.05518
1568905073644000000;23.5214;1.10721;-0.834473
1568905073649000000;23.5214;1.41238;-0.346191
1568905073654000000;23.3383;1.59549;-0.468262
1568905073660000000;23.0331;0.863068;-1.01758
1568905073665000000;22.9721;-0.17453;-1.13965
1568905073670000000;23.7656;-1.02902;-0.773438
1568905073675000000;23.4604;-1.15109;-0.468262
1568905073680000000;23.3383;-0.479706;-0.529297
1568905073685000000;22.6669;-0.0524597;-1.20068
1568905073690000000;21.8124;-0.601776;-1.99414
1568905073696000000;22.2397;-0.723846;-2.29932
1568905073701000000;22.2397;-0.845917;-2.54346
1568905073706000000;22.4228;-0.0524597;-2.60449
1568905073711000000;22.6669;-1.94455;-2.9707
1568905073716000000;22.6669;-1.94455;-2.9707
1568905073721000000;22.9721;-2.98215;-2.60449
1568905073727000000;21.9345;-3.5925;-2.36035
1568905073732000000;19.4931;-3.65353;-1.38379
1568905073737000000;18.0893;-3.47043;-0.590332
1568905073742000000;17.0517;-2.18869;0.0810547
1568905073747000000;15.4648;-1.57834;-0.102051
1568905073752000000;13.0234;-2.24973;-0.895508
1568905073757000000;9.78851;-3.28732;-1.50586
1568905073763000000;6.91986;-2.67697;-1.87207
1568905073768000000;6.91986;-2.67697;-1.87207
1568905073773000000;1.85394;1.16824;-2.23828
1568905073778000000;-1.6861;0.740997;-2.60449
1568905073783000000;-4.92096;1.41238;-2.7876
1568905073788000000;-7.17926;1.77859;-2.84863
1568905073793000000;-8.03375;2.20584;-2.17725
1568905073799000000;-9.43756;2.81619;-1.13965
1568905073804000000;-10.4141;3.30447;-0.407227
1568905073809000000;-9.92584;3.97586;0.0810547
1568905073814000000;-9.4986;3.97586;-0.102051
1568905073819000000;-9.01031;3.85379;-0.102051
1568905073824000000;-8.15582;3.60965;0.691406
1568905073830000000;-6.50787;3.48758;1.48486
1568905073835000000;-5.22614;2.69412;2.09521
1568905073840000000;-4.67682;1.59549;1.97314
1568905073845000000;-4.37164;0.435822;1.91211
1568905073850000000;-5.34821;-0.723846;1.11865
1568905073855000000;-5.65338;-0.723846;0.630371
1568905073860000000;-5.65338;-0.967987;-0.285156
1568905073865000000;-6.69098;-0.723846;-1.01758
1568905073871000000;-9.62067;0.191681;-1.81104
1568905073876000000;-13.7711;0.557892;-2.42139
1568905073881000000;-16.5787;0.00857544;-2.29932
1568905073886000000;-18.7149;0.496857;-1.38379
1568905073891000000;-22.377;1.16824;-0.651367
1568905073896000000;-26.7105;2.26688;0.0810547
1568905073901000000;-33.3023;1.04617;1.5459
1568905073906000000;-33.3023;1.04617;1.5459
1568905073911000000;-34.9503;1.35135;2.5835
1568905073916000000;-34.9503;1.35135;2.5835
1568905073922000000;-39.5279;1.04617;1.97314
1568905073927000000;-38.8565;0.863068;1.91211
1568905073932000000;-36.7203;1.16824;2.21729
1568905073937000000;-35.4385;1.41238;2.15625
1568905073942000000;-36.171;1.35135;1.66797
1568905073947000000;-36.171;1.35135;1.66797
1568905073952000000;-34.0958;1.53445;1.30176
1568905073958000000;-31.4713;1.59549;1.30176
1568905073963000000;-30.0674;1.83963;0.935547
1568905073968000000;-30.6168;1.83963;0.26416
1568905073973000000;-31.7154;1.77859;-0.0410156
1568905073978000000;-31.2881;1.77859;0.26416
1568905073983000000;-29.8843;1.83963;0.996582
1568905073988000000;-29.7012;1.77859;1.66797
1568905073993000000;-31.105;1.65652;2.40039
1568905073999000000;-33.9737;1.10721;2.40039
1568905074004000000;-34.462;0.740997;2.88867
1568905074009000000;-34.2178;0.679962;3.62109
1568905074014000000;-35.3165;0.130646;3.9873
1568905074019000000;-37.3917;-0.357635;3.68213
1568905074024000000;-38.7344;-0.601776;2.82764
1568905074030000000;-39.4058;-0.906952;2.40039
1568905074035000000;-39.711;-0.967987;2.33936
1568905074040000000;-40.6876;-0.967987;2.40039
1568905074045000000;-41.9083;-0.906952;2.64453
1568905074050000000;-43.251;-0.357635;2.7666
1568905074055000000;-45.0821;-0.0524597;2.94971
1568905074060000000;-44.96;0.496857;3.49902
1568905074065000000;-45.2042;1.22928;4.29248
1568905074071000000;-44.6548;1.9617;5.08594
1568905074076000000;-44.6548;1.9617;5.08594
1568905074081000000;-43.3121;2.81619;4.78076
1568905074086000000;-40.2603;3.24344;4.47559
1568905074091000000;-40.2603;3.24344;4.47559
1568905074096000000;-37.0865;3.48758;3.74316
1568905074102000000;-35.9879;3.36551;2.88867
1568905074107000000;-35.1944;3.24344;1.91211
1568905074112000000;-34.2178;3.1824;1.85107
1568905074117000000;-34.2178;3.1824;1.85107
1568905074122000000;-31.2881;2.75516;1.17969
1568905074127000000;-30.4337;2.69412;0.569336
1568905074132000000;-30.7999;2.20584;0.0200195
1568905074138000000;-30.983;1.83963;0.508301
1568905074143000000;-30.3726;2.08377;1.66797
1568905074148000000;-29.8843;2.08377;3.13281
1568905074153000000;-30.0674;2.02274;3.9873
1568905074158000000;-30.9219;2.08377;4.59766
1568905074163000000;-32.0206;2.20584;5.20801
1568905074168000000;-32.5089;2.26688;6.24561
1568905074173000000;-32.2647;1.9617;6.73389
1568905074179000000;-32.3868;1.77859;6.30664
1568905074184000000;-33.4854;1.35135;5.14697
1568905074189000000;-34.0958;0.985138;3.9873
1568905074194000000;-33.3023;0.557892;2.88867
1568905074199000000;-33.9127;0.374786;2.40039
1568905074204000000;-33.4854;-0.418671;1.5459
1568905074209000000;-32.3257;-0.540741;0.752441
1568905074214000000;-31.7764;-0.784882;0.0200195
1568905074219000000;-30.7388;-1.21213;-0.102051
1568905074225000000;-29.9454;-1.27316;0.447266
1568905074230000000;-27.626;-1.39523;1.05762
1568905074235000000;-26.0391;-1.70041;1.42383
1568905074240000000;-25.9781;-2.18869;1.79004
1568905074245000000;-25.4898;-2.79904;2.15625
1568905074250000000;-24.3912;-3.40939;3.25488
1568905074255000000;-22.316;-4.6301;4.53662
1568905074261000000;-21.0953;-6.21701;5.39111
1568905074266000000;-21.0342;-8.41428;6.00146
1568905074271000000;-21.9498;-13.7243;6.30664
1568905074276000000;-21.9498;-13.7243;6.30664
1568905074281000000;-22.9263;-18.1189;5.94043
1568905074286000000;-22.4991;-19.0344;5.0249
1568905074291000000;-22.4991;-19.0344;5.0249
1568905074297000000;-24.2081;-19.6447;2.40039
1568905074302000000;-25.1236;-18.7903;1.60693
1568905074307000000;-25.1236;-16.532;1.36279
1568905074312000000;-25.856;-13.2971;1.11865
1568905074317000000;-25.856;-13.2971;1.11865
1568905074322000000;-29.3961;-6.94943;-1.50586
1568905074327000000;-30.6168;-1.3342;-1.32275
1568905074333000000;-31.044;1.10721;-0.224121
1568905074338000000;-31.4713;-1.27316;0.935547
1568905074343000000;-31.5933;-1.39523;0.874512
1568905074348000000;-32.753;0.985138;1.30176
1568905074353000000;-33.9127;3.79276;2.33936
1568905074358000000;-32.0816;5.80692;3.9873
1568905074364000000;-29.7012;4.95242;5.26904
1568905074369000000;-28.6026;3.30447;5.51318
1568905074374000000;-28.7247;3.85379;5.45215
1568905074379000000;-27.565;4.70828;5.51318
1568905074384000000;-25.0015;4.34207;5.45215
1568905074389000000;-21.2784;2.57205;4.59766
1568905074394000000;-18.898;3.60965;2.27832
1568905074399000000;-18.5318;2.44998;0.203125
1568905074405000000;-16.6397;-1.5173;-1.81104
1568905074410000000;-11.6959;4.89139;-2.66553
1568905074415000000;-7.36237;2.57205;-3.52002
1568905074420000000;-5.59235;1.71756;-3.76416
1568905074425000000;-5.71442;1.47342;-4.49658
1568905074430000000;-5.53131;0.00857544;-4.55762
1568905074436000000;-4.43268;0.252716;-3.39795
1568905074441000000;-2.66266;-0.601776;-1.44482
1568905074446000000;-3.02887;-1.76144;0.325195
1568905074451000000;-7.72858;-4.26389;0.0810547
1568905074456000000;-10.3531;-5.05734;0.813477
1568905074461000000;-13.2217;-6.03391;2.21729
1568905074466000000;-13.2217;-6.03391;2.21729
1568905074472000000;-19.3863;-6.76633;2.82764
1568905074477000000;-21.9498;-6.15598;1.5459
1568905074482000000;-22.2549;-4.14182;1.17969
1568905074487000000;-20.546;-0.0524597;1.17969
1568905074492000000;-20.546;-0.0524597;1.17969
1568905074497000000;-21.1563;0.863068;-0.895508
1568905074503000000;-21.6446;2.26688;-2.42139
1568905074508000000;-20.0577;3.85379;-3.76416
1568905074513000000;-17.9214;2.9993;-4.92383
1568905074518000000;-16.2125;2.51102;-5.47314
1568905074523000000;-14.6866;3.24344;-5.16797
1568905074528000000;-13.588;2.32791;-4.74072
1568905074533000000;-12.7945;0.374786;-5.0459
1568905074538000000;-12.001;0.679962;-4.31348
1568905074544000000;-9.80377;2.9993;-2.36035
1568905074549000000;-6.87408;1.90067;0.26416
1568905074554000000;-3.88336;-1.94455;1.36279
1568905074559000000;-1.6861;-1.27316;1.24072
1568905074564000000;-0.709534;2.20584;1.729
1568905074569000000;-0.831604;1.35135;2.70557
1568905074575000000;-0.587463;-0.967987;3.07178
1568905074580000000;0.75531;-1.45627;1.91211
1568905074585000000;2.58636;-0.662811;-0.0410156
1568905074590000000;3.56293;0.00857544;-1.68896
1568905074595000000;2.70844;-0.418671;-3.03174
1568905074600000000;2.6474;-0.662811;-6.69385
1568905074605000000;2.6474;-0.662811;-6.69385
1568905074611000000;2.46429;-0.479706;-7.85352
1568905074616000000;1.73187;-1.02902;-8.5249
1568905074621000000;1.18256;-1.15109;-8.03662
1568905074626000000;1.18256;-0.784882;-6.14453
1568905074631000000;0.75531;-0.723846;-3.45898
1568905074636000000;-0.526428;-1.3342;-1.26172
1568905074641000000;-0.282288;-1.15109;-0.163086
1568905074647000000;0.267029;0.191681;1.24072
1568905074652000000;1.30463;0.802032;2.46143
1568905074657000000;3.37982;0.496857;3.13281
1568905074662000000;5.14984;0.374786;2.27832
1568905074667000000;5.69916;0.496857;0.630371
1568905074672000000;6.67572;0.740997;-0.956543
1568905074677000000;8.62885;0.863068;-2.11621
1568905074683000000;11.4975;0.679962;-3.09277
1568905074688000000;13.8168;0.496857;-4.43555
1568905074693000000;14.4272;0.252716;-5.83936
1568905074698000000;13.5117;0.0696106;-6.87695
1568905074703000000;11.9858;-0.0524597;-6.69385
1568905074708000000;11.7416;-0.662811;-5.77832
1568905074713000000;12.7792;-0.906952;-4.13037
1568905074719000000;12.8403;-1.15109;-2.9707
1568905074724000000;11.6196;-1.27316;-1.20068
1568905074729000000;11.1313;-1.5173;0.691406
1568905074734000000;12.352;-1.5173;2.5835
1568905074739000000;14.4272;-0.967987;3.9873
1568905074744000000;15.4648;-0.723846;3.9873
1568905074749000000;14.7934;-0.479706;3.07178
1568905074755000000;14.183;0.00857544;1.30176
1568905074760000000;16.5634;0.740997;-0.529297
1568905074765000000;20.7138;1.41238;-2.11621
1568905074770000000;22.789;1.41238;-4.13037
1568905074775000000;22.3007;1.35135;-6.32764
1568905074780000000;21.08;1.22928;-8.46387
1568905074785000000;22.1176;1.04617;-9.19629
1568905074791000000;24.3149;0.679962;-8.70801
1568905074796000000;24.0097;-0.784882;-5.41211
1568905074801000000;21.2631;-1.63937;-2.36035
1568905074806000000;21.2631;-1.63937;-2.36035
1568905074811000000;21.9955;-3.04318;3.01074
1568905074816000000;21.9955;-3.04318;3.01074
1568905074821000000;17.2958;-4.26389;4.29248
1568905074827000000;12.291;-4.69113;4.65869
1568905074832000000;9.30023;-4.87424;4.78076
1568905074837000000;7.89642;-4.50803;4.47559
1568905074842000000;7.89642;-4.50803;4.47559
1568905074847000000;4.29535;-3.04318;1.36279
1568905074852000000;1.30463;-1.76144;-1.75
1568905074857000000;1.12152;0.740997;-4.61865
1568905074863000000;0.450134;3.73172;-4.67969
1568905074868000000;2.15912;6.90555;-4.0083
1568905074873000000;9.97162;6.17313;-4.74072
1568905074878000000;19.4321;5.68484;-6.38867
1568905074883000000;25.4135;6.53934;-6.75488
1568905074888000000;27.5497;5.74588;-4.49658
1568905074893000000;29.4418;4.70828;-1.50586
1568905074899000000;31.7612;4.22;0.26416
1568905074904000000;31.0898;3.30447;2.21729
1568905074909000000;30.2963;1.53445;4.41455
1568905074914000000;31.5781;-0.479706;6.24561
1568905074919000000;36.0947;-2.49387;6.42871
1568905074924000000;39.3295;-2.98215;5.81836
1568905074929000000;37.0712;-4.08078;5.69629
1568905074935000000;32.4326;-6.33908;5.20801
1568905074940000000;26.7563;-7.13254;4.17041
1568905074945000000;22.4228;-7.49875;2.15625
1568905074950000000;19.0048;-7.80392;0.26416
1568905074955000000;16.3193;-7.74289;-1.44482
1568905074960000000;11.1923;-7.19357;-3.58105
1568905074965000000;11.1923;-7.19357;-3.58105
1568905074971000000;11.0703;-4.87424;-1.99414
1568905074976000000;11.0703;-4.87424;-1.99414
1568905074981000000;5.27191;-2.31076;-2.42139
1568905074986000000;2.89154;-0.601776;-0.956543
1568905074991000000;2.89154;-0.601776;-0.956543
1568905074996000000;6.91986;3.1824;4.35352
1568905075002000000;7.53021;4.34207;6.0625
1568905075007000000;9.36127;5.86795;7.1001
1568905075012000000;12.9013;7.39383;7.2832
1568905075017000000;12.9013;7.39383;7.2832
1568905075022000000;18.5165;9.89627;7.95459
1568905075027000000;19.31;11.117;7.64941
1568905075032000000;21.2631;11.9104;6.42871
1568905075038000000;23.5214;13.1311;4.17041
1568905075043000000;25.1694;13.2532;1.60693
1568905075048000000;27.7939;12.948;-0.590332
1568905075053000000;31.2119;12.3987;-2.29932
1568905075058000000;32.7377;10.8118;-3.88623
1568905075063000000;31.517;8.5535;-4.74072
1568905075068000000;30.4184;6.2952;-4.67969
1568905075074000000;29.5029;3.36551;-3.70312
1568905075079000000;28.038;0.00857544;-2.66553
1568905075084000000;26.4511;-2.5549;-1.81104
1568905075089000000;25.4745;-3.89767;-0.590332
1568905075094000000;23.8266;-5.36252;1.24072
1568905075099000000;21.6904;-6.52219;3.49902
1568905075105000000;19.8593;-7.19357;5.51318
1568905075110000000;18.2724;-7.86496;6.91699
1568905075115000000;15.831;-8.47531;7.64941
1568905075120000000;12.413;-8.78049;7.46631
1568905075125000000;9.72748;-8.78049;7.2832
1568905075130000000;10.0937;-6.40012;7.16113
1568905075135000000;10.0937;-6.40012;7.16113
1568905075141000000;10.9482;-2.3718;2.5835
1568905075146000000;10.9482;-2.3718;2.5835
1568905075151000000;12.6572;2.63309;-0.529297
1568905075156000000;14.7934;4.46414;-1.26172
1568905075161000000;16.6855;6.05106;-2.17725
1568905075166000000;17.3569;7.88211;-3.03174
1568905075171000000;18.0283;9.28592;-3.88623
1568905075177000000;19.6152;10.5066;-3.09277
1568905075182000000;19.6152;10.5066;-3.09277
1568905075187000000;22.6059;10.9949;-0.712402
1568905075192000000;22.9721;9.89627;0.0810547
1568905075197000000;21.3852;8.24832;0.569336
1568905075202000000;20.9579;5.68484;1.5459
1568905075208000000;21.4462;2.38895;3.19385
1568905075213000000;21.2631;-0.540741;4.59766
1568905075218000000;19.4321;-3.40939;4.65869
1568905075223000000;16.6855;-4.87424;3.74316
1568905075228000000;14.6103;-5.91183;3.19385
1568905075233000000;13.7558;-6.52219;2.94971
1568905075238000000;13.8779;-6.8884;2.46143
1568905075244000000;13.3896;-7.62082;0.325195
1568905075249000000;11.0092;-8.04807;-2.29932
1568905075254000000;8.93402;-8.41428;-4.25244
1568905075259000000;8.68988;-7.68185;-4.98486
1568905075264000000;9.11713;-6.33908;-5.16797
1568905075269000000;9.36127;-4.87424;-5.41211
1568905075274000000;7.95746;-2.73801;-5.59521
1568905075280000000;7.22504;-0.967987;-5.47314
1568905075285000000;7.53021;1.53445;-4.49658
1568905075290000000;9.30023;3.30447;-2.90967
1568905075295000000;12.2299;5.01346;-1.32275
1568905075300000000;12.413;6.72244;-0.773438
1568905075305000000;11.0092;7.94315;-1.20068
1568905075310000000;12.1078;8.85867;-1.07861
1568905075315000000;14.9155;9.71317;-0.285156
1568905075321000000;17.9672;9.28592;0.0810547
1568905075326000000;14.6103;6.96658;-1.50586
1568905075331000000;13.5117;5.37967;-2.66553
1568905075336000000;15.0986;3.97586;-3.21484
1568905075341000000;16.0141;1.9617;-4.25244
1568905075346000000;14.9155;0.130646;-5.41211
1568905075351000000;13.9999;-1.27316;-6.14453
1568905075357000000;14.3661;-2.24973;-5.90039
1568905075362000000;15.5258;-3.28732;-5.77832
1568905075367000000;16.2582;-4.01974;-5.83936
1568905075372000000;14.3051;-4.38596;-5.53418
1568905075377000000;10.7651;-4.93527;-4.74072
1568905075382000000;8.07953;-4.99631;-3.33691
1568905075388000000;7.53021;-4.8132;-2.60449
1568905075393000000;7.40814;-4.26389;-1.81104
1568905075398000000;5.57709;-3.65353;-1.13965
1568905075403000000;1.79291;-2.98215;-1.62793
1568905075408000000;-1.50299;-2.43283;-2.23828
1568905075413000000;-3.21198;-1.70041;-2.84863
1568905075418000000;-3.76129;-0.540741;-2.48242
1568905075424000000;-4.55475;0.435822;-2.23828
1568905075429000000;-5.28717;1.59549;-3.21484
1568905075434000000;-5.95856;2.75516;-4.37451
1568905075439000000;-5.89752;3.60965;-4.61865
1568905075444000000;-4.85992;4.52518;-4.31348
1568905075449000000;-3.02887;5.19656;-3.76416
1568905075455000000;-1.8692;5.68484;-4.13037
1568905075460000000;-2.23541;6.11209;-4.74072
1568905075465000000;-2.23541;6.05106;-5.29004
1568905075470000000;-1.38092;5.74588;-5.65625
1568905075475000000;1.67084;4.64725;-5.35107
1568905075480000000;1.24359;3.79276;-5.10693
1568905075485000000;-0.343323;2.63309;-4.74072
1568905075491000000;-0.709534;1.53445;-4.31348
1568905075496000000;-0.709534;1.53445;-4.31348
1568905075501000000;0.63324;-0.113495;-2.72656
1568905075506000000;-0.0991821;-1.27316;-2.17725
1568905075511000000;-0.648499;-1.94455;-2.11621
1568905075516000000;0.0839233;-2.31076;-2.11621
1568905075522000000;1.4267;-2.61594;-1.68896
1568905075527000000;1.24359;-2.98215;-1.07861
1568905075532000000;0.938416;-3.22629;-0.346191
1568905075537000000;0.75531;-3.22629;0.14209
1568905075542000000;0.267029;-2.92111;0.935547
1568905075547000000;-2.05231;-2.86008;1.42383
1568905075553000000;-5.89752;-2.61594;1.17969
1568905075558000000;-9.80377;-2.49387;0.447266
1568905075563000000;-13.2217;-1.88351;-0.163086
1568905075568000000;-16.7618;-1.15109;-0.956543
1568905075573000000;-21.1563;-0.662811;-2.60449
1568905075578000000;-25.2457;0.130646;-3.58105
1568905075583000000;-29.5792;0.863068;-4.0083
1568905075589000000;-33.4854;1.71756;-4.31348
1568905075594000000;-35.0113;2.87723;-4.37451
1568905075599000000;-34.0347;4.28104;-4.67969
1568905075604000000;-31.7154;5.62381;-3.64209
1568905075609000000;-28.9078;6.23416;-1.99414
1568905075614000000;-24.5743;6.60037;-0.590332
1568905075619000000;-19.3253;6.96658;0.691406
1568905075625000000;-16.2735;6.84451;1.729
1568905075630000000;-12.4893;5.80692;2.27832
1568905075635000000;-7.4234;5.13553;2.40039
1568905075640000000;-1.93024;4.40311;2.70557
1568905075645000000;5.63812;0.985138;2.82764
1568905075650000000;7.59125;-0.845917;2.21729
1568905075655000000;8.3847;-2.86008;1.17969
1568905075661000000;6.85883;-4.93527;0.203125
1568905075666000000;4.05121;-6.94943;-0.651367
1568905075671000000;-0.038147;-7.98703;-1.38379
1568905075676000000;-4.31061;-8.90256;-1.68896
1568905075681000000;-8.94928;-8.90256;-1.44482
1568905075686000000;-13.8321;-8.78049;-1.07861
1568905075692000000;-17.7994;-8.29221;-0.163086
1568905075697000000;-21.4615;-7.01047;0.447266
1568905075702000000;-25.6729;-5.17941;1.24072
1568905075707000000;-31.2271;-3.04318;2.52246
1568905075712000000;-35.7437;-1.27316;3.31592
1568905075717000000;-37.4527;1.16824;3.86523
1568905075722000000;-37.2696;3.85379;3.92627
1568905075728000000;-37.0865;6.11209;3.62109
1568905075733000000;-35.7437;7.88211;3.43799
1568905075738000000;-32.6309;9.95731;3.25488
1568905075743000000;-27.1378;10.8118;3.31592
1568905075748000000;-21.8887;10.3846;3.43799
1568905075753000000;-19.2642;9.46902;3.13281
1568905075759000000;-16.9449;8.67557;2.5835
1568905075764000000;-12.9166;7.33279;2.64453
1568905075769000000;-6.81305;5.68484;3.37695
1568905075774000000;-0.465393;4.28104;4.04834
1568905075779000000;2.28119;2.51102;4.10938
1568905075784000000;1.85394;0.00857544;3.8042
1568905075790000000;1.36566;-2.06662;4.10938
1568905075795000000;3.01361;-4.14182;4.90283
1568905075800000000;3.01361;-5.91183;5.20801
1568905075805000000;-3.33405;-8.71945;3.68213
1568905075810000000;-5.40924;-9.45187;3.25488
1568905075815000000;-5.40924;-9.45187;3.25488
1568905075821000000;-8.58307;-8.41428;3.07178
1568905075826000000;-11.94;-7.25461;2.5835
1568905075831000000;-11.94;-7.25461;2.5835
1568905075836000000;-19.1422;-4.32492;1.11865
1568905075841000000;-21.3394;-2.31076;1.91211
1568905075846000000;-22.1939;-0.235565;3.56006
1568905075851000000;-22.5601;1.65652;4.90283
1568905075857000000;-24.3301;3.42654;5.26904
1568905075862000000;-26.4053;5.56277;5.51318
1568905075867000000;-25.3677;7.82108;6.42871
1568905075872000000;-22.1329;9.28592;8.1377
1568905075877000000;-19.5084;9.34695;8.74805
1568905075882000000;-17.9825;9.22488;7.46631
1568905075888000000;-15.8463;9.16385;5.69629
1568905075893000000;-12.3062;8.67557;4.47559
1568905075898000000;-8.82721;7.63797;3.56006
1568905075903000000;-5.04303;6.23416;2.64453
1568905075908000000;-1.93024;4.95242;1.11865
1568905075913000000;-0.587463;3.36551;-0.346191
1568905075918000000;-0.160217;0.985138;-1.13965
1568905075923000000;1.4267;-0.845917;-0.773438
1568905075929000000;3.62396;-2.5549;-0.163086
1568905075934000000;4.41742;-4.32492;0.508301
1568905075939000000;3.44086;-5.97287;0.630371
1568905075944000000;2.15912;-7.25461;0.752441
1568905075949000000;2.70844;-8.23117;1.85107
1568905075954000000;2.52533;-8.29221;3.68213
1568905075960000000;0.938416;-8.04807;6.24561
1568905075965000000;0.938416;-8.04807;6.24561
1568905075970000000;-3.88336;-6.46115;6.85596
1568905075975000000;-3.88336;-6.46115;6.85596
1568905075980000000;-8.03375;-4.01974;7.34424
1568905075985000000;-8.76617;-2.49387;6.73389
1568905075991000000;-10.231;-0.662811;5.45215
1568905075996000000;-11.6959;0.802032;3.74316
1568905076001000000;-11.879;2.57205;2.52246
1568905076006000000;-11.1465;4.0369;1.42383
1568905076011000000;-10.9024;5.68484;0.38623
1568905076016000000;-12.3672;6.78348;-0.773438
1568905076021000000;-14.1983;7.5159;-1.50586
1568905076027000000;-14.4424;8.18729;-1.50586
1568905076032000000;-13.2217;8.49246;-1.07861
1568905076037000000;-10.6583;8.18729;-0.651367
1568905076042000000;-8.82721;7.82108;-0.102051
1568905076047000000;-9.07135;6.90555;0.0810547
1568905076052000000;-9.19342;5.4407;0.569336
1568905076057000000;-7.48444;3.54861;2.27832
1568905076063000000;-4.73785;2.38895;4.17041
1568905076068000000;-3.88336;0.252716;5.08594
1568905076073000000;-4.61578;-1.88351;4.47559
1568905076078000000;-4.31061;-3.53146;3.68213
1568905076083000000;-2.54059;-5.36252;3.8042
1568905076088000000;0.267029;-6.70529;3.9873
1568905076093000000;1.18256;-7.98703;2.52246
1568905076098000000;0.816345;-9.02463;0.26416
1568905076103000000;0.0228882;-9.87912;-1.81104
1568905076109000000;-0.038147;-9.94016;-3.58105
1568905076114000000;0.999451;-9.63498;-4.06934
1568905076119000000;1.79291;-9.20773;-4.55762
1568905076124000000;0.87738;-7.62082;-4.80176
1568905076129000000;-1.38092;-6.94943;-5.35107
1568905076134000000;-3.02887;-5.11838;-4.80176
1568905076139000000;-2.23541;-2.67697;-3.76416
1568905076145000000;-1.25885;-1.02902;-2.54346
1568905076150000000;-5.28717;2.08377;-1.32275
1568905076155000000;-6.32477;3.73172;-0.651367
1568905076160000000;-6.32477;3.73172;-0.651367
1568905076165000000;-1.56403;6.72244;1.30176
1568905076170000000;-1.19781;7.08865;1.42383
1568905076175000000;-2.78473;7.39383;0.691406
1568905076181000000;-2.78473;7.33279;0.0200195
1568905076186000000;-2.78473;7.33279;0.0200195
1568905076191000000;1.6098;6.53934;-0.651367
1568905076196000000;1.97601;5.2576;-1.87207
1568905076201000000;2.15912;4.22;-3.58105
1568905076206000000;2.52533;2.63309;-4.98486
1568905076212000000;3.80707;0.863068;-5.71729
1568905076217000000;5.57709;-0.601776;-5.59521
1568905076222000000;6.79779;-2.12766;-5.65625
1568905076227000000;6.18744;-3.7756;-5.96143
1568905076232000000;4.66156;-5.24045;-6.14453
1568905076237000000;3.92914;-6.33908;-5.35107
1568905076242000000;4.29535;-7.37668;-3.76416
1568905076248000000;5.45502;-7.80392;-2.36035
1568905076253000000;5.82123;-7.86496;-1.26172
1568905076258000000;5.63812;-7.55978;-1.38379
1568905076263000000;4.84467;-6.94943;-1.38379
1568905076268000000;4.84467;-6.15598;-1.32275
1568905076273000000;5.63812;-5.05734;-1.07861
1568905076278000000;5.88226;-3.7756;-0.529297
1568905076283000000;5.08881;-2.98215;-1.01758
1568905076289000000;4.35638;-1.82248;-2.29932
1568905076294000000;3.8681;-0.662811;-3.8252
1568905076299000000;4.60052;0.313751;-5.0459
1568905076304000000;6.1264;1.29031;-5.53418
1568905076309000000;5.82123;2.38895;-6.69385
1568905076314000000;4.7226;3.12137;-7.97559
1568905076320000000;3.56293;4.22;-8.89111
1568905076325000000;3.56293;4.22;-8.89111
1568905076330000000;5.82123;4.95242;-7.54834
1568905076335000000;5.82123;4.95242;-7.54834
1568905076340000000;4.17328;4.28104;-5.47314
1568905076345000000;4.78363;3.97586;-3.58105
1568905076350000000;5.82123;3.1824;-1.93311
1568905076356000000;7.04193;2.32791;-0.773438
1568905076361000000;7.28607;1.29031;-0.590332
1568905076366000000;7.34711;0.252716;-0.834473
1568905076371000000;8.14056;-0.845917;-1.01758
1568905076376000000;9.91058;-1.94455;-0.712402
1568905076381000000;11.6806;-2.73801;-0.834473
1568905076386000000;11.9858;-3.5925;-1.81104
1568905076392000000;10.9482;-4.26389;-2.9707
1568905076397000000;10.1547;-4.8132;-3.8252
1568905076402000000;9.84955;-5.05734;-4.43555
1568905076407000000;10.5209;-4.93527;-4.98486
1568905076412000000;10.5209;-4.69113;-5.59521
1568905076417000000;8.87299;-4.01974;-5.77832
1568905076423000000;6.37054;-3.5925;-6.14453
1568905076428000000;5.02777;-2.79904;-5.90039
1568905076433000000;5.57709;-1.39523;-4.61865
1568905076438000000;5.08881;-0.17453;-2.9707
1568905076443000000;3.25775;0.863068;-1.75
1568905076448000000;0.816345;1.9617;-1.38379
1568905076453000000;0.0839233;2.87723;-0.956543
1568905076459000000;1.4267;3.97586;0.447266
1568905076464000000;2.83051;4.76932;1.24072
1568905076469000000;3.19672;5.37967;1.05762
1568905076474000000;2.52533;5.80692;0.0200195
1568905076479000000;1.85394;5.68484;-0.590332
1568905076484000000;3.31879;5.56277;-0.834473
1568905076489000000;6.79779;4.83035;-1.07861
1568905076494000000;6.79779;4.83035;-1.07861
1568905076500000000;5.63812;2.44998;-1.99414
1568905076505000000;7.04193;1.41238;-1.99414
1568905076510000000;9.48334;0.252716;-1.62793
1568905076515000000;9.48334;0.252716;-1.62793
1568905076520000000;8.81195;-2.24973;-1.81104
1568905076525000000;7.53021;-3.53146;-2.05518
1568905076531000000;7.65228;-4.32492;-1.38379
1568905076536000000;9.17816;-4.93527;-0.346191
1568905076541000000;10.1547;-5.24045;0.38623
1568905076546000000;9.11713;-5.24045;0.691406
1568905076551000000;7.40814;-5.24045;0.569336
1568905076556000000;7.34711;-4.56906;0.813477
1568905076562000000;8.14056;-3.71457;1.42383
1568905076567000000;8.3847;-2.79904;1.97314
1568905076572000000;8.07953;-1.76144;1.60693
1568905076577000000;7.40814;-0.540741;0.813477
1568905076582000000;7.22504;0.618927;0.508301
1568905076587000000;7.89642;1.77859;0.813477
1568905076592000000;8.62885;2.87723;1.11865
1568905076598000000;8.44574;3.79276;1.30176
1568905076603000000;6.9809;4.46414;1.36279
1568905076608000000;5.14984;4.64725;1.48486
1568905076613000000;4.9057;4.70828;2.03418
1568905076618000000;5.39398;4.58621;2.88867
1568905076623000000;5.9433;4.0369;3.25488
1568905076628000000;6.00433;3.36551;3.37695
1568905076634000000;5.33295;2.44998;2.94971
1568905076639000000;5.33295;1.35135;2.7666
1568905076644000000;6.55365;0.435822;2.7666
1568905076649000000;7.59125;-0.540741;3.01074
1568905076654000000;7.71332;-1.82248;2.70557
1568905076659000000;6.06537;-3.53146;1.30176
1568905076664000000;6.06537;-3.53146;1.30176
1568905076670000000;9.54437;-4.50803;1.729
1568905076675000000;9.54437;-4.50803;1.729
1568905076680000000;9.11713;-4.26389;1.30176
1568905076685000000;9.11713;-4.26389;1.30176
1568905076690000000;7.22504;-3.5925;1.97314
1568905076695000000;8.62885;-3.04318;3.37695
1568905076700000000;9.54437;-2.18869;4.53662
1568905076706000000;8.32367;-1.3342;5.08594
1568905076711000000;5.45502;-0.357635;5.14697
1568905076716000000;4.35638;0.191681;6.0625
1568905076721000000;5.14984;1.22928;7.03906
1568905076726000000;5.63812;2.08377;7.16113
1568905076731000000;4.60052;2.69412;6.0625
1568905076736000000;3.13568;3.12137;4.17041
1568905076742000000;3.19672;3.54861;2.64453
1568905076747000000;4.9057;4.0369;2.27832
1568905076752000000;6.9809;4.09793;1.48486
1568905076757000000;7.28607;4.22;0.447266
1568905076762000000;5.9433;3.97586;-0.956543
1568905076767000000;4.96674;3.60965;-1.26172
1568905076772000000;6.00433;2.9993;-0.346191
1568905076778000000;7.89642;2.26688;0.691406
1568905076783000000;8.93402;1.53445;1.42383
1568905076788000000;8.87299;0.435822;1.91211
1568905076793000000;7.46918;-0.662811;2.94971
1568905076798000000;7.10297;-1.70041;4.17041
1568905076803000000;7.34711;-2.5549;5.51318
1568905076808000000;7.95746;-3.65353;6.12354
1568905076814000000;7.22504;-4.69113;6.36768
1568905076819000000;5.33295;-5.30148;6.48975
1568905076824000000;4.11224;-6.03391;6.67285
1568905076829000000;3.74603;-6.15598;6.85596
1568905076834000000;3.25775;-6.15598;6.18457
1568905076839000000;1.6098;-5.05734;3.01074
1568905076844000000;1.6098;-5.05734;3.01074
1568905076849000000;0.938416;-2.86008;0.813477
1568905076855000000;0.938416;-2.86008;0.813477
1568905076860000000;2.28119;0.191681;-0.590332
1568905076865000000;1.18256;1.65652;-1.07861
1568905076870000000;-1.07574;2.93826;-1.75
1568905076875000000;-1.93024;4.22;-1.13965
1568905076880000000;-1.93024;5.62381;0.14209
1568905076885000000;-1.6861;6.11209;1.48486
1568905076891000000;-1.25885;6.60037;2.09521
1568905076896000000;-2.35748;6.72244;2.09521
1568905076901000000;-4.18854;5.86795;2.64453
1568905076906000000;-3.70026;4.83035;3.62109
1568905076911000000;-2.35748;3.85379;5.0249
1568905076916000000;-2.17438;2.20584;5.20801
1568905076921000000;-4.00543;0.557892;4.29248
1568905076926000000;-5.1651;-1.27316;2.82764
1568905076932000000;-4.31061;-2.98215;2.27832
1568905076937000000;-1.99127;-4.32492;2.09521
1568905076942000000;0.450134;-5.48459;0.691406
1568905076947000000;0.450134;-6.40012;-1.75
1568905076952000000;-1.13678;-7.37668;-4.37451
1568905076957000000;-0.953674;-7.49875;-5.53418
1568905076962000000;0.999451;-7.01047;-5.59521
1568905076967000000;3.685;-6.09494;-5.10693
1568905076972000000;3.19672;-4.69113;-4.98486
1568905076977000000;0.328064;-3.65353;-4.74072
1568905076983000000;-1.01471;-2.31076;-3.70312
1568905076988000000;0.328064;-0.479706;-1.81104
1568905076993000000;1.73187;1.04617;0.0200195
1568905076998000000;0.938416;2.51102;0.752441
1568905077003000000;-1.50299;3.85379;0.752441
1568905077008000000;-3.39508;4.83035;0.630371
1568905077013000000;-2.54059;5.50174;1.24072
1568905077019000000;-0.709534;6.2952;1.24072
1568905077024000000;-0.404358;6.2952;0.0200195
1568905077029000000;-2.78473;6.23416;-1.68896
1568905077034000000;-5.22614;5.19656;-3.27588
1568905077039000000;-4.61578;4.46414;-3.39795
1568905077044000000;-2.23541;3.60965;-3.45898
1568905077049000000;-1.8692;2.63309;-4.13037
1568905077054000000;-2.78473;1.41238;-5.35107
1568905077060000000;-2.96783;-0.723846;-6.38867
1568905077065000000;-0.587463;-1.70041;-5.47314
1568905077070000000;0.572205;-2.24973;-4.80176
1568905077075000000;-0.221252;-3.16525;-4.25244
1568905077080000000;-1.80817;-3.71457;-3.94727
1568905077085000000;-2.35748;-4.01974;-3.8252
1568905077090000000;-1.50299;-3.89767;-2.7876
1568905077096000000;-0.709534;-3.83664;-1.87207
1568905077101000000;-0.038147;-3.5925;-1.50586
1568905077106000000;-0.526428;-3.04318;-1.75
1568905077111000000;-1.38092;-2.5549;-2.29932
1568905077116000000;-1.8692;-1.82248;-2.84863
1568905077121000000;-1.80817;-0.967987;-3.21484
1568905077126000000;-1.74713;-0.17453;-2.9707
1568905077132000000;-2.11334;0.496857;-3.39795
1568905077137000000;-3.51715;1.35135;-3.94727
1568905077142000000;-5.53131;1.83963;-4.61865
1568905077147000000;-5.28717;2.44998;-5.0459
1568905077152000000;-4.67682;3.1824;-4.86279
1568905077157000000;-5.28717;3.36551;-5.229
1568905077162000000;-6.75201;3.60965;-5.83936
1568905077168000000;-8.39996;3.91483;-6.20557
1568905077173000000;-9.31549;3.85379;-6.0835
1568905077178000000;-7.85065;3.73172;-5.71729
1568905077183000000;-6.44684;3.91483;-5.41211
1568905077188000000;-7.66754;3.67068;-4.61865
1568905077193000000;-9.25446;2.87723;-3.88623
1568905077198000000;-8.70514;2.57205;-2.66553
1568905077204000000;-6.56891;2.14481;-1.50586
1568905077209000000;-4.37164;1.35135;-1.01758
1568905077214000000;-3.76129;0.863068;-1.13965
1568905077219000000;-3.15094;-0.540741;-1.44482
1568905077224000000;-3.15094;-0.540741;-1.44482
1568905077229000000;0.999451;-1.63937;-1.07861
1568905077234000000;1.30463;-2.31076;-1.56689
1568905077240000000;0.144958;-2.92111;-2.23828
1568905077245000000;-1.01471;-3.65353;-2.48242
1568905077250000000;-1.31989;-3.89767;-2.36035
1568905077255000000;-1.19781;-4.08078;-2.48242
1568905077260000000;-1.93024;-4.14182;-2.72656
1568905077265000000;-3.70026;-4.01974;-2.7876
1568905077270000000;-6.14166;-3.83664;-2.84863
1568905077275000000;-7.85065;-3.47043;-2.60449
1568905077281000000;-8.461;-2.79904;-1.87207
1568905077286000000;-9.01031;-1.70041;-0.956543
1568905077291000000;-10.3531;-0.723846;-0.224121
1568905077296000000;-12.3062;0.252716;0.26416
1568905077301000000;-14.2593;1.29031;0.38623
1568905077306000000;-12.6724;2.08377;0.874512
1568905077312000000;-10.17;3.1824;1.42383
1568905077317000000;-8.82721;3.91483;0.935547
1568905077322000000;-9.01031;4.52518;0.26416
1568905077327000000;-9.13239;4.83035;-0.651367
1568905077332000000;-6.93512;4.89139;-0.895508
1568905077337000000;-3.27301;4.89139;-0.590332
1568905077342000000;-1.07574;4.52518;-0.285156
1568905077348000000;-1.31989;3.79276;-0.407227
1568905077353000000;-2.54059;2.44998;-0.590332
1568905077358000000;-1.93024;1.10721;-0.163086
1568905077363000000;-0.160217;0.130646;1.05762
1568905077368000000;0.267029;-1.15109;1.48486
1568905077373000000;-1.01471;-2.67697;1.36279
1568905077378000000;-2.05231;-3.65353;1.17969
1568905077384000000;-2.54059;-4.56906;1.48486
1568905077389000000;-1.93024;-5.48459;2.46143
1568905077394000000;-1.93024;-5.48459;2.46143
1568905077399000000;-2.96783;-5.60666;2.46143
1568905077404000000;-6.44684;-4.87424;1.91211
1568905077409000000;-6.2027;-3.95871;2.21729
1568905077414000000;-4.79889;-2.79904;2.33936
1568905077419000000;-3.9444;-1.57834;2.09521
1568905077424000000;-3.9444;-1.57834;2.09521
1568905077430000000;-4.79889;1.04617;0.935547
1568905077435000000;-3.76129;2.32791;1.48486
1568905077440000000;-2.60162;3.54861;2.33936
1568905077445000000;-1.93024;4.40311;2.52246
1568905077450000000;-1.93024;5.2576;3.07178
1568905077455000000;-3.02887;5.50174;3.19385
1568905077460000000;-3.21198;5.2576;4.04834
1568905077465000000;-2.17438;5.07449;4.96387
1568905077471000000;-0.892639;4.34207;5.69629
1568905077476000000;-0.404358;3.30447;5.75732
1568905077481000000;-0.892639;2.08377;5.33008
1568905077486000000;-1.62506;0.618927;4.65869
1568905077491000000;-1.19781;-0.723846;4.53662
1568905077496000000;0.267029;-1.82248;4.53662
1568905077501000000;0.816345;-3.16525;4.10938
1568905077507000000;0.0228882;-4.26389;3.49902
1568905077512000000;-1.80817;-5.42355;2.40039
1568905077517000000;-2.60162;-6.03391;2.15625
1568905077522000000;-1.38092;-6.27805;2.27832
1568905077527000000;-0.221252;-6.09494;2.40039
1568905077532000000;-0.587463;-5.72873;2.15625
1568905077537000000;-2.17438;-5.17941;1.5459
1568905077543000000;-3.33405;-4.08078;2.15625
1568905077548000000;-2.11334;-2.86008;3.31592
1568905077553000000;-0.160217;-1.45627;5.08594
1568905077558000000;0.0228882;-0.0524597;6.0625
1568905077563000000;-1.50299;1.16824;6.12354
1568905077568000000;-2.96783;2.38895;6.42871
1568905077573000000;-2.17438;3.60965;7.40527
1568905077579000000;-0.0991821;4.52518;8.56494
1568905077584000000;1.06049;5.19656;8.25977
1568905077589000000;-1.07574;5.50174;4.35352
1568905077594000000;-1.07574;5.50174;4.35352
1568905077599000000;2.58636;4.89139;2.82764
1568905077604000000;4.47845;4.34207;1.85107
1568905077609000000;3.37982;3.42654;0.447266
1568905077614000000;1.48773;1.90067;-0.529297
1568905077619000000;1.73187;0.863068;-0.468262
1568905077625000000;3.44086;-0.479706;0.508301
1568905077630000000;4.53949;-1.45627;1.36279
1568905077635000000;4.17328;-2.61594;1.60693
1568905077640000000;3.50189;-3.71457;1.97314
1568905077645000000;3.56293;-4.50803;2.82764
1568905077650000000;4.11224;-5.17941;4.04834
1568905077656000000;4.96674;-5.54562;5.14697
1568905077661000000;4.96674;-5.72873;5.45215
1568905077666000000;3.19672;-5.60666;5.57422
1568905077671000000;0.938416;-5.54562;5.63525
1568905077676000000;1.06049;-4.93527;6.0625
1568905077681000000;2.09808;-3.95871;6.30664
1568905077687000000;2.46429;-3.04318;5.20801
1568905077692000000;1.54877;-1.70041;3.92627
1568905077697000000;0.63324;-0.601776;2.15625
1568905077702000000;0.63324;0.618927;1.30176
1568905077707000000;1.54877;1.9617;0.630371
1568905077712000000;1.97601;3.1824;-0.0410156
1568905077717000000;1.18256;4.0369;-1.07861
1568905077722000000;-0.404358;4.89139;-2.11621
1568905077728000000;-1.25885;5.2576;-2.60449
1568905077733000000;-1.01471;5.68484;-1.56689
1568905077738000000;-0.526428;5.80692;-0.407227
1568905077743000000;-0.404358;5.37967;0.0810547
1568905077748000000;-1.19781;4.89139;0.0810547
1568905077754000000;-2.54059;3.85379;-0.0410156
1568905077759000000;-2.66266;2.63309;1.11865
1568905077764000000;-1.01471;1.71756;2.94971
1568905077769000000;-0.587463;-1.27316;3.86523
1568905077774000000;-1.50299;-2.61594;2.94971
1568905077779000000;-0.953674;-4.08078;2.64453
1568905077784000000;0.75531;-4.93527;2.94971
1568905077790000000;2.6474;-5.8508;2.15625
1568905077795000000;3.44086;-6.33908;0.447266
1568905077800000000;2.6474;-6.58322;-2.36035
1568905077805000000;2.15912;-6.58322;-4.43555
1568905077810000000;3.56293;-6.09494;-5.29004
1568905077815000000;5.82123;-5.05734;-5.90039
1568905077821000000;6.24847;-3.95871;-6.38867
1568905077826000000;4.17328;-2.73801;-6.99902
1568905077831000000;2.34222;-1.39523;-6.99902
1568905077836000000;2.70844;-0.0524597;-5.71729
1568905077841000000;4.60052;1.47342;-3.8252
1568905077846000000;5.21088;2.75516;-2.60449
1568905077851000000;3.74603;4.09793;-1.99414
1568905077857000000;2.28119;4.70828;-2.11621
1568905077862000000;2.40326;5.31863;-1.13965
1568905077867000000;3.74603;5.74588;0.0200195
1568905077872000000;4.60052;5.86795;0.691406
1568905077877000000;3.74603;5.50174;-0.163086
1568905077882000000;2.28119;4.58621;-1.50586
1568905077887000000;1.79291;3.67068;-2.11621
1568905077893000000;3.44086;2.44998;-1.81104
1568905077898000000;5.02777;1.22928;-2.11621
1568905077903000000;5.82123;0.00857544;-4.55762
1568905077908000000;6.06537;-1.39523;-8.5249
1568905077913000000;3.25775;-2.18869;-10.6001
1568905077918000000;2.15912;-3.40939;-10.417
1568905077923000000;1.73187;-4.08078;-8.3418
1568905077929000000;0.144958;-4.44699;-6.69385
1568905077934000000;0.144958;-4.44699;-6.69385
1568905077939000000;-4.92096;-4.14182;-5.53418
1568905077944000000;-4.92096;-4.14182;-5.53418
1568905077949000000;-1.99127;-2.31076;0.14209
1568905077954000000;-1.50299;-1.39523;2.03418
1568905077959000000;-1.31989;-0.2966;1.97314
1568905077965000000;-0.343323;0.863068;1.24072
1568905077970000000;0.999451;1.9617;0.752441
1568905077975000000;3.50189;2.69412;0.38623
1568905077980000000;5.63812;3.48758;-0.529297
1568905077985000000;5.51605;3.97586;-1.68896
1568905077990000000;5.51605;3.85379;-3.94727
1568905077995000000;6.67572;3.79276;-6.44971
1568905078001000000;8.62885;3.60965;-8.46387
1568905078006000000;10.0327;3.30447;-9.62354
1568905078011000000;10.2158;2.44998;-9.92871
1568905078016000000;9.17816;1.59549;-10.356
1568905078021000000;8.14056;0.863068;-9.80664
1568905078026000000;9.17816;0.130646;-8.83008
1568905078031000000;10.3378;-0.723846;-7.18213
1568905078037000000;10.8261;-1.27316;-5.53418
1568905078042000000;9.97162;-1.70041;-4.0083
1568905078047000000;8.93402;-2.43283;-1.99414
1568905078052000000;8.75092;-2.67697;0.508301
1568905078057000000;9.66644;-2.98215;1.97314
1568905078062000000;10.0327;-2.98215;2.33936
1568905078067000000;9.17816;-3.04318;1.36279
1568905078072000000;8.14056;-2.98215;0.14209
1568905078078000000;8.26263;-2.86008;-0.895508
1568905078083000000;7.77435;-2.31076;-1.68896
1568905078088000000;7.34711;-1.88351;-2.36035
1568905078093000000;6.06537;-1.09006;-3.52002
1568905078098000000;3.13568;-0.479706;-4.31348
1568905078103000000;-0.038147;0.00857544;-4.80176
1568905078109000000;-2.23541;1.77859;-3.52002
1568905078114000000;-1.19781;2.75516;-2.7876
1568905078119000000;-0.282288;3.67068;-1.68896
1568905078124000000;0.572205;4.46414;-0.834473
1568905078129000000;1.12152;5.13553;-0.0410156
1568905078134000000;3.92914;5.4407;0.203125
1568905078139000000;7.83539;5.99002;0.508301
1568905078149000000;12.0468;5.56277;0.0200195
1568905078154000000;13.7558;4.95242;-0.651367
1568905078159000000;17.7231;4.22;-1.32275
1568905078165000000;21.019;2.9993;-1.68896
1568905078170000000;22.6669;1.53445;-1.87207
1568905078175000000;21.3852;-0.479706;-2.72656
1568905078180000000;18.8828;-2.18869;-3.03174
1568905078185000000;17.2958;-3.89767;-2.29932
1568905078190000000;16.9296;-5.24045;-0.773438
1568905078195000000;16.7465;-6.40012;0.447266
1568905078201000000;14.2441;-7.01047;0.874512
1568905078206000000;9.97162;-7.68185;1.5459
1568905078211000000;6.18744;-8.1091;2.64453
1568905078216000000;4.60052;-7.68185;3.74316
1568905078221000000;1.06049;-6.8884;3.9873
1568905078226000000;-4.61578;-6.27805;3.56006
1568905078231000000;-9.62067;-5.36252;3.19385
1568905078236000000;-11.4517;-3.65353;2.5835
1568905078242000000;-12.001;-1.45627;2.15625
1568905078247000000;-12.1841;0.618927;1.66797
1568905078252000000;-12.2452;2.81619;0.691406
1568905078257000000;-11.2686;5.50174;0.203125
1568905078262000000;-10.5972;8.12625;0.325195
1568905078267000000;-8.21686;9.71317;0.630371
1568905078272000000;-4.98199;11.3611;0.38623
1568905078278000000;-0.709534;12.4597;0.0810547
1568905078283000000;3.31879;13.3142;-0.0410156
1568905078288000000;7.34711;13.2532;0.630371
1568905078293000000;10.7651;12.3377;1.24072
1568905078298000000;13.9999;10.5677;2.21729
1568905078303000000;15.2817;7.69901;3.49902
1568905078308000000;12.291;-1.02902;5.14697
1568905078314000000;10.5209;-5.8508;5.45215
1568905078319000000;10.5209;-5.8508;5.45215
1568905078324000000;9.17816;-9.51291;6.67285
1568905078329000000;5.02777;-9.69601;6.55078
1568905078334000000;-1.07574;-10.1233;5.57422
1568905078339000000;-6.01959;-10.4284;4.96387
1568905078344000000;-6.01959;-10.4284;4.96387
1568905078349000000;-11.5128;-11.0998;4.59766
1568905078354000000;-14.6866;-10.7336;3.62109
1568905078359000000;-18.959;-9.51291;2.64453
1568905078365000000;-21.7056;-7.31564;2.46143
1568905078370000000;-19.8135;-4.6301;2.64453
1568905078375000000;-16.9449;-1.21213;2.88867
1568905078380000000;-16.3345;1.22928;2.46143
1568905078385000000;-17.0059;2.9993;1.97314
1568905078390000000;-15.48;5.2576;2.09521
1568905078395000000;-10.17;8.37039;3.07178
1568905078401000000;-3.76129;8.18729;4.90283
1568905078406000000;0.389099;7.33279;6.18457
1568905078411000000;1.91498;7.63797;6.30664
1568905078416000000;3.07465;7.63797;6.48975
