1568902914207000000;-0.0152588;0.00476074;0.0419617
1568902914212000000;-0.0152588;0.00476074;0.102997
1568902914217000000;0.0457764;0.0657959;-0.0190735
1568902914222000000;0.106812;0.0657959;0.102997
1568902914227000000;0.0457764;0.0657959;-0.0190735
1568902914233000000;0.0457764;0.0657959;-0.0190735
1568902914238000000;-0.0762939;-0.0562744;0.0419617
1568902914243000000;0.106812;0.0657959;0.0419617
1568902914248000000;-0.0152588;-0.0562744;0.0419617
1568902914253000000;-0.0152588;-0.11731;-0.0801086
1568902914258000000;-0.0152588;-0.0562744;0.0419617
1568902914263000000;-0.0762939;-0.11731;-0.141144
1568902914269000000;-0.0762939;-0.11731;-0.141144
1568902914274000000;0.106812;0.126831;-0.0190735
1568902914279000000;0.0457764;0.126831;0.164032
1568902914284000000;-0.0152588;0.00476074;0.102997
1568902914289000000;0.0457764;-0.0562744;-0.0190735
1568902914294000000;-0.0152588;-0.0562744;-0.0801086
1568902914299000000;0.106812;-0.11731;-0.0190735
1568902914305000000;-0.0762939;-0.0562744;-0.0190735
1568902914310000000;-0.0152588;0.00476074;0.102997
1568902914315000000;0.0457764;0.0657959;0.102997
1568902914320000000;-0.0152588;-0.0562744;0.0419617
1568902914325000000;-0.0152588;-0.0562744;-0.0190735
1568902914330000000;-0.0152588;-0.23938;-0.0801086
1568902914336000000;-0.0762939;-0.178345;0.0419617
1568902914341000000;-0.0152588;-0.0562744;-0.0190735
1568902914346000000;0.0457764;-0.11731;0.102997
1568902914351000000;0.106812;-0.178345;0.225067
1568902914356000000;-0.0152588;-0.300415;0.102997
1568902914361000000;0.0457764;-0.300415;0.102997
1568902914366000000;-0.0762939;-0.483521;0.102997
1568902914372000000;-0.137329;-0.666626;0.286102
1568902914377000000;0.0457764;-0.544556;0.225067
1568902914382000000;0.289917;-0.483521;0.102997
1568902914387000000;0.289917;-0.666626;0.164032
1568902914392000000;0.717163;-0.666626;0.164032
1568902914397000000;1.08337;-0.666626;0.0419617
1568902914403000000;1.63269;-0.666626;0.0419617
1568902914408000000;2.18201;-0.36145;0.0419617
1568902914413000000;2.24304;-0.36145;0.102997
1568902914418000000;2.54822;-0.178345;0.102997
1568902914423000000;3.34167;-0.0562744;-0.0801086
1568902914428000000;3.34167;-0.0562744;-0.0801086
1568902914433000000;3.28064;0.00476074;-0.141144
1568902914439000000;3.28064;0.00476074;-0.141144
1568902914444000000;3.15857;0.248901;-0.324249
1568902914449000000;2.60925;0.370972;-0.263214
1568902914454000000;2.54822;0.309937;-0.44632
1568902914459000000;1.9989;0.309937;-0.44632
1568902914464000000;1.93787;0.370972;-0.202179
1568902914469000000;1.93787;0.370972;-0.0801086
1568902914475000000;1.8158;0.187866;-0.324249
1568902914480000000;2.30408;0.309937;-0.324249
1568902914485000000;2.36511;0.370972;-0.324249
1568902914490000000;2.36511;0.248901;-0.202179
1568902914495000000;2.79236;0.309937;-0.44632
1568902914500000000;3.34167;0.432007;-0.507355
1568902914506000000;3.09753;0.309937;-0.0801086
1568902914511000000;3.58582;0.187866;-0.324249
1568902914516000000;3.82996;0.309937;-0.507355
1568902914521000000;3.64685;0.126831;-0.44632
1568902914526000000;3.82996;-0.0562744;-0.202179
1568902914531000000;3.82996;-0.36145;-0.202179
1568902914536000000;3.58582;-0.605591;-0.44632
1568902914542000000;3.40271;-0.605591;-0.324249
1568902914547000000;3.52478;-0.849731;-0.324249
1568902914552000000;3.2196;-0.910767;-0.202179
1568902914557000000;3.28064;-0.971802;-0.324249
1568902914562000000;3.34167;-0.910767;-0.202179
1568902914567000000;3.28064;-1.21594;-0.0801086
1568902914572000000;3.2196;-1.15491;-0.202179
1568902914578000000;3.46375;-0.971802;-0.202179
1568902914583000000;3.58582;-0.849731;-0.202179
1568902914588000000;3.58582;-0.605591;0.102997
1568902914593000000;3.46375;-0.422485;-0.0801086
1568902914598000000;3.76892;-0.178345;-0.141144
1568902914603000000;3.70789;0.126831;0.0419617
1568902914609000000;3.76892;0.309937;-0.0190735
1568902914614000000;3.76892;0.615112;-0.324249
1568902914619000000;3.82996;0.798218;-0.202179
1568902914624000000;3.58582;0.798218;-0.385284
1568902914629000000;3.34167;0.920288;-0.385284
1568902914634000000;3.52478;0.737183;-0.385284
1568902914639000000;3.28064;0.676147;-0.324249
1568902914645000000;3.09753;0.432007;-0.202179
1568902914650000000;3.15857;0.248901;-0.385284
1568902914655000000;3.28064;0.309937;-0.385284
1568902914660000000;3.15857;0.126831;-0.141144
1568902914665000000;2.97546;-0.23938;0.0419617
1568902914670000000;3.28064;-0.666626;0.102997
1568902914676000000;3.34167;-0.788696;0.286102
1568902914681000000;3.09753;-1.15491;0.408173
1568902914686000000;3.09753;-1.27698;0.286102
1568902914691000000;3.09753;-1.33801;0.347137
1568902914696000000;3.0365;-1.46008;0.225067
1568902914701000000;2.73132;-1.39905;0.0419617
1568902914706000000;2.67029;-1.52112;0.0419617
1568902914711000000;2.73132;-1.27698;-0.202179
1568902914717000000;2.54822;-1.03284;-0.202179
1568902914722000000;2.42615;-0.910767;-0.324249
1568902914727000000;2.48718;-0.666626;-0.385284
1568902914732000000;2.60925;-0.36145;-0.385284
1568902914737000000;2.67029;0.187866;-0.385284
1568902914742000000;2.48718;0.493042;-0.263214
1568902914747000000;2.73132;0.859253;-0.263214
1568902914753000000;2.85339;1.04236;-0.263214
1568902914758000000;3.0365;1.22546;-0.202179
1568902914763000000;2.91443;1.2865;-0.0801086
1568902914768000000;2.91443;1.22546;-0.202179
1568902914773000000;2.91443;1.10339;-0.202179
1568902914778000000;2.91443;1.10339;-0.202179
1568902914784000000;2.42615;0.615112;-0.202179
1568902914789000000;2.12097;0.248901;-0.385284
1568902914794000000;1.69373;-0.11731;-0.263214
1568902914799000000;1.57166;-0.422485;-0.202179
1568902914804000000;1.26648;-0.788696;-0.385284
1568902914809000000;1.02234;-0.910767;-0.324249
1568902914814000000;0.778198;-1.21594;-0.141144
1568902914820000000;0.656128;-1.33801;-0.141144
1568902914825000000;0.473022;-1.46008;-0.141144
1568902914830000000;0.411987;-1.39905;-0.141144
1568902914835000000;0.473022;-1.33801;-0.0190735
1568902914840000000;0.411987;-1.21594;-0.141144
1568902914845000000;0.534058;-0.849731;-0.0801086
1568902914850000000;0.717163;-0.544556;-0.0801086
1568902914856000000;0.900269;-0.36145;-0.385284
1568902914861000000;0.839233;0.0657959;-0.507355
1568902914866000000;0.900269;0.432007;-0.56839
1568902914871000000;0.839233;0.737183;-0.69046
1568902914876000000;0.778198;0.920288;-0.751495
1568902914881000000;0.778198;1.10339;-0.873566
1568902914887000000;0.839233;1.04236;-0.751495
1568902914892000000;0.595093;1.10339;-0.629425
1568902914897000000;0.289917;1.04236;-0.507355
1568902914902000000;0.228882;0.920288;-0.44632
1568902914907000000;-0.0762939;0.676147;-0.0190735
1568902914912000000;0.0457764;0.493042;0.164032
1568902914917000000;0.106812;0.309937;0.0419617
1568902914923000000;-0.0762939;-0.11731;0.347137
1568902914928000000;0.289917;-0.300415;0.347137
1568902914933000000;0.534058;-0.727661;0.102997
1568902914938000000;0.534058;-0.727661;0.102997
1568902914943000000;0.778198;-0.849731;-0.751495
1568902914948000000;0.778198;-0.849731;-0.751495
1568902914953000000;0.717163;-0.971802;-1.23978
1568902914959000000;0.656128;-0.788696;-1.30081
1568902914964000000;0.411987;-0.422485;-1.36185
1568902914969000000;-0.0152588;-0.422485;-1.17874
1568902914974000000;-0.442505;-0.178345;-0.995636
1568902914979000000;-0.869751;0.0657959;-0.69046
1568902914984000000;-1.297;0.187866;-0.324249
1568902914989000000;-2.02942;0.370972;0.225067
1568902914995000000;-2.45667;0.554077;0.713348
1568902915000000000;-2.63977;0.676147;0.896454
1568902915005000000;-2.94495;0.737183;1.20163
1568902915010000000;-2.88391;0.737183;1.14059
1568902915015000000;-2.94495;0.615112;0.896454
1568902915020000000;-2.88391;0.370972;0.713348
1568902915025000000;-2.5177;0.370972;0.469208
1568902915031000000;-2.5177;0.126831;0.102997
1568902915036000000;-2.15149;-0.11731;-0.385284
1568902915041000000;-1.96838;-0.23938;-0.751495
1568902915046000000;-1.78528;-0.483521;-1.11771
1568902915051000000;-1.41907;-0.544556;-1.30081
1568902915056000000;-1.11389;-0.666626;-1.36185
1568902915061000000;-0.930786;-0.666626;-1.11771
1568902915067000000;-0.747681;-0.666626;-1.11771
1568902915072000000;-0.747681;-0.605591;-0.629425
1568902915077000000;-0.686646;-0.544556;-0.507355
1568902915082000000;-0.869751;-0.483521;-0.202179
1568902915087000000;-1.11389;-0.422485;0.225067
1568902915092000000;-1.23596;-0.300415;0.469208
1568902915098000000;-1.54114;-0.0562744;0.530243
1568902915103000000;-2.27356;0.0657959;0.469208
1568902915108000000;-2.27356;0.0657959;0.469208
1568902915113000000;-3.12805;0.126831;0.225067
1568902915118000000;-3.67737;0.187866;-0.0801086
1568902915123000000;-4.10461;0.187866;-0.263214
1568902915128000000;-4.34875;0.248901;-0.507355
1568902915134000000;-4.53186;0.248901;-0.69046
1568902915139000000;-4.71497;0.187866;-0.751495
1568902915144000000;-4.5929;0.126831;-0.751495
1568902915149000000;-4.34875;0.187866;-0.934601
1568902915154000000;-4.34875;0.248901;-0.934601
1568902915159000000;-4.04358;0.309937;-0.751495
1568902915164000000;-3.5553;0.248901;-0.56839
1568902915169000000;-2.94495;0.309937;-0.44632
1568902915175000000;-2.02942;0.370972;-0.263214
1568902915180000000;-1.11389;0.370972;-0.0801086
1568902915185000000;-0.50354;0.370972;-0.0801086
1568902915190000000;0.0457764;0.309937;-0.202179
1568902915195000000;0.473022;0.187866;-0.324249
1568902915200000000;0.595093;0.0657959;-0.263214
1568902915205000000;0.778198;0.126831;-0.202179
1568902915211000000;0.473022;0.0657959;-0.263214
1568902915216000000;0.0457764;-0.23938;-0.507355
1568902915221000000;-0.137329;-0.36145;-0.56839
1568902915226000000;-0.747681;-0.544556;-0.56839
1568902915231000000;-1.72424;-0.666626;-0.385284
1568902915236000000;-2.63977;-0.849731;-0.263214
1568902915241000000;-3.49426;-0.849731;-0.141144
1568902915247000000;-4.28772;-0.849731;0.164032
1568902915252000000;-4.83704;-0.849731;0.286102
1568902915257000000;-5.38635;-0.849731;0.347137
1568902915262000000;-5.8136;-0.422485;0.652313
1568902915267000000;-6.17981;-0.422485;0.896454
1568902915272000000;-6.05774;-0.300415;0.835419
1568902915277000000;-5.63049;0.0657959;0.896454
1568902915283000000;-5.08118;0.187866;0.774384
1568902915288000000;-4.16565;0.432007;0.652313
1568902915293000000;-1.66321;1.04236;0.225067
1568902915298000000;-1.66321;1.04236;0.225067
1568902915303000000;0.411987;1.22546;-0.0190735
1568902915308000000;0.411987;1.22546;-0.0190735
1568902915313000000;1.87683;1.16443;-0.0190735
1568902915318000000;2.60925;0.920288;0.0419617
1568902915324000000;2.67029;0.615112;0.164032
1568902915329000000;2.54822;0.309937;0.102997
1568902915334000000;1.75476;0.00476074;0.286102
1568902915339000000;0.717163;-0.483521;0.469208
1568902915344000000;-0.0152588;-0.910767;0.469208
1568902915349000000;-0.991821;-1.15491;0.408173
1568902915354000000;-2.09045;-1.46008;0.530243
1568902915360000000;-2.88391;-1.64319;0.652313
1568902915365000000;-3.5553;-1.76526;0.835419
1568902915370000000;-3.92151;-1.58215;0.835419
1568902915375000000;-4.22668;-1.15491;0.896454
1568902915380000000;-4.40979;-1.03284;0.530243
1568902915385000000;-4.22668;-0.544556;0.530243
1568902915390000000;-3.43323;-0.11731;0.408173
1568902915396000000;-2.21252;0.554077;0.469208
1568902915401000000;-1.11389;1.04236;0.286102
1568902915406000000;-0.0762939;1.40857;0.347137
1568902915411000000;0.595093;2.01892;0.286102
1568902915416000000;1.14441;2.3241;0.164032
1568902915421000000;1.8158;2.3241;0.530243
1568902915426000000;1.75476;2.20203;0.591278
1568902915432000000;1.57166;1.77478;0.835419
1568902915437000000;1.02234;1.2865;0.774384
1568902915442000000;0.473022;0.676147;0.896454
1568902915447000000;-0.0762939;0.00476074;1.20163
1568902915452000000;-0.747681;-0.788696;1.38474
1568902915457000000;-1.23596;-1.46008;1.50681
1568902915462000000;-1.60217;-1.94836;1.44577
1568902915467000000;-1.90735;-2.43665;1.38474
1568902915473000000;-1.41907;-2.86389;1.14059
1568902915478000000;-1.05286;-2.86389;0.835419
1568902915483000000;-1.05286;-2.86389;0.835419
1568902915488000000;0.289917;-2.0094;0.469208
1568902915493000000;1.32751;-1.46008;0.286102
1568902915498000000;1.8158;-0.727661;0.0419617
1568902915503000000;2.05994;-0.178345;-0.141144
1568902915509000000;2.05994;0.493042;-0.263214
1568902915514000000;1.75476;1.16443;-0.0190735
1568902915519000000;1.38855;1.71375;0.164032
1568902915524000000;1.14441;2.07996;0.469208
1568902915529000000;1.02234;2.20203;0.835419
1568902915534000000;1.02234;2.3241;0.896454
1568902915539000000;0.900269;2.26306;1.20163
1568902915545000000;0.839233;2.07996;1.44577
1568902915550000000;0.534058;1.71375;1.56784
1568902915555000000;0.534058;1.2865;1.68991
1568902915560000000;0.839233;0.859253;1.3237
1568902915565000000;1.38855;0.126831;1.01852
1568902915570000000;2.05994;-0.300415;0.713348
1568902915575000000;2.85339;-0.849731;0.347137
1568902915581000000;3.2196;-1.39905;0.0419617
1568902915586000000;3.2196;-1.82629;-0.385284
1568902915591000000;2.60925;-2.07043;-0.69046
1568902915596000000;1.9989;-2.37561;-0.812531
1568902915601000000;1.57166;-2.68079;-0.812531
1568902915606000000;1.57166;-2.68079;-0.69046
1568902915612000000;1.38855;-2.55872;-0.324249
1568902915617000000;1.20544;-2.25354;0.0419617
1568902915622000000;0.900269;-1.94836;0.164032
1568902915627000000;0.228882;-1.46008;0.652313
1568902915632000000;-0.0762939;-1.09387;0.835419
1568902915637000000;-0.0762939;-0.483521;0.957489
1568902915642000000;0.167847;0.0657959;0.713348
1568902915648000000;0.839233;0.798218;0.469208
1568902915653000000;1.87683;1.59167;-0.751495
1568902915658000000;1.87683;1.59167;-0.751495
1568902915663000000;2.30408;2.44617;-2.09427
1568902915668000000;2.30408;2.44617;-2.09427
1568902915673000000;2.36511;2.5072;-2.88773
1568902915678000000;3.09753;2.44617;-3.13187
1568902915683000000;4.01306;2.14099;-2.94876
1568902915688000000;4.68445;1.89685;-2.58255
1568902915694000000;4.92859;1.40857;-2.03323
1568902915699000000;4.68445;0.798218;-1.11771
1568902915704000000;4.13513;0.126831;-0.324249
1568902915709000000;3.58582;-0.605591;0.469208
1568902915714000000;2.91443;-1.21594;0.774384
1568902915719000000;2.73132;-1.82629;0.957489
1568902915724000000;2.42615;-2.49768;0.835419
1568902915730000000;1.69373;-2.98596;0.530243
1568902915735000000;0.595093;-3.47424;-0.0190735
1568902915740000000;-0.564575;-3.53528;-0.751495
1568902915745000000;-1.60217;-3.59631;-1.54495
1568902915750000000;-2.21252;-3.10803;-2.33841
1568902915755000000;-2.33459;-2.49768;-2.76566
1568902915761000000;-2.09045;-1.94836;-3.13187
1568902915766000000;-1.41907;-1.03284;-3.0098
1568902915771000000;-0.38147;0.00476074;-2.88773
1568902915776000000;0.411987;1.04236;-2.33841
1568902915781000000;0.961304;1.95789;-1.72806
1568902915786000000;1.44958;2.75134;-1.11771
1568902915791000000;2.05994;3.48376;-0.56839
1568902915797000000;2.91443;3.97205;-0.202179
1568902915802000000;3.58582;4.03308;0.102997
1568902915807000000;4.19617;3.91101;0.0419617
1568902915812000000;4.98962;3.60583;0.0419617
1568902915817000000;5.41687;3.05652;-0.324249
1568902915822000000;5.11169;2.38513;-0.751495
1568902915827000000;4.92859;1.40857;-1.05667
1568902915833000000;3.52478;-0.422485;-1.54495
1568902915838000000;2.91443;-1.52112;-1.48392
1568902915843000000;2.12097;-2.37561;-1.36185
1568902915848000000;1.44958;-3.16907;-0.873566
1568902915853000000;0.534058;-3.71838;-0.69046
1568902915858000000;-0.50354;-4.14563;-0.324249
1568902915863000000;-2.15149;-4.14563;0.0419617
1568902915869000000;-3.49426;-3.96252;0.347137
1568902915874000000;-4.16565;-3.65735;0.652313
1568902915879000000;-4.34875;-3.10803;0.896454
1568902915884000000;-3.79944;-2.31458;1.07956
1568902915889000000;-3.25012;-1.33801;0.896454
1568902915894000000;-2.5177;-0.23938;0.896454
1568902915899000000;-1.41907;0.798218;0.774384
1568902915904000000;-0.38147;1.89685;0.530243
1568902915909000000;0.289917;2.81238;0.286102
1568902915915000000;0.778198;3.5448;0.102997
1568902915920000000;1.32751;3.84998;0.0419617
1568902915925000000;2.54822;4.15515;0.102997
1568902915930000000;3.76892;4.15515;0.347137
1568902915935000000;4.62341;3.78894;0.530243
1568902915940000000;4.62341;3.17859;0.469208
1568902915946000000;3.82996;2.3241;0.591278
1568902915951000000;2.97546;1.40857;0.530243
1568902915956000000;2.18201;0.187866;0.774384
1568902915961000000;1.02234;-0.910767;0.896454
1568902915966000000;-0.0762939;-2.07043;0.774384
1568902915971000000;-1.54114;-3.2301;0.530243
1568902915976000000;-3.37219;-4.20667;0.408173
1568902915982000000;-4.83704;-4.81702;0.286102
1568902915987000000;-6.66809;-5.3053;0.286102
1568902915992000000;-8.01086;-5.24426;0.530243
1568902915997000000;-8.98743;-5.06116;0.530243
1568902916002000000;-8.56018;-3.29114;0.774384
1568902916007000000;-8.56018;-3.29114;0.774384
1568902916013000000;-5.50842;-0.788696;1.26266
1568902916018000000;-4.04358;0.554077;1.38474
1568902916023000000;-2.70081;2.07996;1.14059
1568902916028000000;-1.35803;3.11755;0.774384
1568902916033000000;-0.0152588;4.21619;0.469208
1568902916038000000;1.8158;5.00964;0.225067
1568902916043000000;3.82996;5.55896;0.0419617
1568902916048000000;6.08826;5.68103;-0.141144
1568902916054000000;7.5531;5.49792;-0.56839
1568902916059000000;8.16345;4.82654;-0.69046
1568902916064000000;7.79724;4.03308;-0.507355
1568902916069000000;7.18689;2.81238;-0.385284
1568902916074000000;6.14929;1.53064;0.225067
1568902916079000000;4.68445;0.0657959;0.774384
1568902916084000000;2.73132;-1.52112;1.20163
1568902916090000000;0.900269;-2.86389;1.44577
1568902916095000000;-1.11389;-4.32874;1.56784
1568902916100000000;-3.31116;-5.4884;1.99509
1568902916105000000;-5.32532;-6.15979;2.05612
1568902916110000000;-7.21741;-6.64807;1.93405
1568902916115000000;-8.43811;-6.58704;1.87302
1568902916120000000;-8.80432;-6.22083;1.44577
1568902916126000000;-7.94983;-5.3053;1.01852
1568902916131000000;-6.60706;-3.90149;0.652313
1568902916136000000;-5.08118;-2.31458;0.286102
1568902916141000000;-3.7384;-0.666626;0.0419617
1568902916146000000;-2.02942;0.981323;-0.202179
1568902916151000000;-0.137329;2.5072;-0.56839
1568902916157000000;2.36511;4.09412;-0.995636
1568902916162000000;5.11169;5.31482;-0.812531
1568902916167000000;7.85828;6.16931;-0.751495
1568902916172000000;11.0321;6.41345;-0.0190735
1568902916177000000;11.0321;6.41345;-0.0190735
1568902916182000000;11.0931;5.98621;0.469208
1568902916187000000;8.95691;3.5448;1.20163
1568902916192000000;6.94275;1.77478;1.50681
1568902916198000000;4.56238;-0.23938;1.50681
1568902916203000000;2.12097;-2.07043;1.44577
1568902916208000000;-0.38147;-4.08459;1.20163
1568902916213000000;-2.76184;-5.67151;1.07956
1568902916218000000;-5.08118;-6.83118;0.408173
1568902916223000000;-7.21741;-7.68567;-0.141144
1568902916228000000;-9.1095;-7.99084;-0.56839
1568902916234000000;-9.90295;-7.68567;-0.873566
1568902916239000000;-10.1471;-6.64807;-1.36185
1568902916244000000;-9.71985;-5.12219;-1.66702
1568902916249000000;-8.74329;-3.47424;-1.91116
1568902916254000000;-6.72913;-1.39905;-1.85013
1568902916259000000;-3.79944;0.859253;-1.78909
1568902916264000000;-1.17493;3.05652;-1.36185
1568902916270000000;1.02234;4.94861;-0.995636
1568902916275000000;3.0365;6.53552;-0.202179
1568902916280000000;4.74548;7.81726;0.530243
1568902916285000000;6.02722;8.42761;1.07956
1568902916290000000;6.75964;8.61072;1.87302
1568902916295000000;6.39343;7.8783;2.48337
1568902916300000000;5.47791;6.53552;2.3613
1568902916306000000;4.0741;4.88757;2.17819
1568902916311000000;2.12097;2.93445;1.93405
1568902916316000000;0.106812;0.554077;1.3237
1568902916321000000;-1.72424;-1.76526;0.713348
1568902916326000000;-3.31116;-3.65735;-0.385284
1568902916331000000;-4.65393;-5.54944;-1.30081
1568902916336000000;-5.9967;-6.95325;-2.33841
1568902916342000000;-7.52258;-7.86877;-3.1929
1568902916347000000;-8.74329;-8.17395;-3.55911
1568902916352000000;-8.74329;-7.7467;-3.62015
1568902916357000000;-7.82776;-6.70911;-3.07083
1568902916362000000;-4.40979;-3.53528;-1.05667
1568902916367000000;-4.40979;-3.53528;-1.05667
1568902916372000000;-1.35803;0.309937;1.81198
1568902916377000000;-1.35803;0.309937;1.81198
1568902916383000000;0.0457764;3.91101;4.49753
1568902916388000000;-0.0152588;5.31482;5.10788
1568902916393000000;0.167847;6.16931;5.10788
1568902916398000000;0.411987;6.90173;4.55856
1568902916403000000;0.289917;6.65759;3.70407
1568902916408000000;0.167847;6.10828;2.60544
1568902916413000000;-0.137329;5.13171;0.957489
1568902916418000000;-0.62561;4.03308;-0.69046
1568902916424000000;-1.4801;2.5072;-2.46048
1568902916429000000;-2.39563;1.16443;-3.92532
1568902916434000000;-3.43323;-0.300415;-4.71878
1568902916439000000;-3.86047;-1.64319;-5.14603
1568902916444000000;-2.94495;-2.74182;-4.53568
1568902916449000000;-1.41907;-3.53528;-3.80325
1568902916454000000;-0.198364;-4.38977;-2.52151
1568902916460000000;0.350952;-4.63391;-0.629425
1568902916465000000;1.32751;-4.75598;1.3237
1568902916470000000;2.05994;-4.63391;3.582
1568902916475000000;2.12097;-4.38977;5.29099
1568902916480000000;1.87683;-3.90149;6.63376
1568902916485000000;1.44958;-3.53528;7.24411
1568902916490000000;1.20544;-3.047;7.18307
1568902916496000000;0.900269;-2.31458;6.51169
1568902916501000000;0.411987;-1.82629;5.10788
1568902916506000000;-0.320435;-1.09387;3.09372
1568902916511000000;-1.72424;-0.544556;0.774384
1568902916516000000;-2.88391;0.248901;-1.72806
1568902916521000000;-3.67737;1.16443;-4.16946
1568902916526000000;-4.40979;2.14099;-6.12259
1568902916532000000;-3.92151;4.09412;-8.01468
1568902916537000000;-3.92151;4.09412;-8.01468
1568902916542000000;-1.54114;5.07068;-7.34329
1568902916547000000;0.900269;5.92517;-5.87845
1568902916552000000;3.15857;6.35242;-3.74222
1568902916557000000;4.74548;6.53552;-1.17874
1568902916562000000;6.82068;5.49792;4.37546
1568902916567000000;7.30896;4.27722;6.8779
1568902916573000000;7.85828;2.5072;8.46481
1568902916578000000;8.5907;0.432007;9.38034
1568902916583000000;8.89587;-1.64319;9.01413
1568902916588000000;7.91931;-3.96252;7.67136
1568902916593000000;6.3324;-6.09875;5.59616
1568902916598000000;4.01306;-8.11292;2.84958
1568902916603000000;1.08337;-9.63879;-0.141144
1568902916609000000;-2.45667;-10.6764;-3.49808
1568902916614000000;-4.776;-11.0426;-6.4888
1568902916619000000;-5.14221;-10.1881;-8.7471
1568902916624000000;-4.83704;-8.47913;-10.0899
1568902916629000000;-4.34875;-6.46497;-9.9678
1568902916634000000;-3.92151;-4.08459;-8.86917
1568902916639000000;-3.12805;-1.03284;-6.61087
1568902916645000000;-2.5177;2.07996;-3.80325
1568902916650000000;-2.09045;4.94861;-0.44632
1568902916655000000;-1.17493;7.26794;2.91061
1568902916660000000;0.839233;9.34314;5.8403
1568902916665000000;3.34167;10.7469;8.52585
1568902916670000000;6.14929;11.3573;10.1738
1568902916675000000;7.67517;10.9911;10.54
1568902916681000000;8.10242;9.58728;8.89206
1568902916686000000;7.00378;7.93933;6.45065
1568902916691000000;4.92859;5.62;3.21579
1568902916696000000;3.46375;3.11755;-0.141144
1568902916701000000;3.2196;0.248901;-3.92532
1568902916706000000;3.70789;-2.31458;-7.16019
1568902916711000000;3.95203;-4.75598;-9.72366
1568902916717000000;3.46375;-6.64807;-11.1885
1568902916722000000;2.18201;-8.11292;-11.3716
1568902916727000000;-0.0152588;-9.08948;-9.84573
1568902916732000000;-4.53186;-9.27258;-3.86429
1568902916737000000;-4.83704;-8.11292;-0.69046
1568902916742000000;-3.86047;-6.64807;2.78854
1568902916748000000;-3.86047;-6.64807;2.78854
1568902916753000000;-1.78528;-3.29114;9.19724
1568902916758000000;-2.70081;-1.52112;10.2959
1568902916763000000;-4.22668;0.248901;10.4179
1568902916768000000;-5.9967;1.77478;9.1362
1568902916773000000;-6.05774;3.17859;6.8779
1568902916778000000;-4.22668;4.5824;3.64304
1568902916783000000;-1.54114;5.86414;0.225067
1568902916789000000;0.839233;6.65759;-2.88773
1568902916794000000;2.91443;7.45105;-5.75638
1568902916799000000;3.64685;7.51208;-8.01468
1568902916804000000;2.24304;7.32898;-8.99124
1568902916809000000;0.839233;6.77966;-8.86917
1568902916814000000;0.350952;5.62;-7.46536
1568902916819000000;1.08337;4.52136;-5.2681
1568902916825000000;2.24304;3.11755;-2.94876
1568902916830000000;3.2196;1.71375;-0.0801086
1568902916835000000;2.67029;-0.11731;2.84958
1568902916840000000;0.839233;-2.1925;5.16891
1568902916845000000;-2.21252;-3.90149;6.45065
1568902916850000000;-5.9967;-5.67151;6.8779
1568902916855000000;-8.37708;-7.07532;6.69479
1568902916860000000;-8.255;-8.17395;5.53513
1568902916866000000;-5.9967;-8.54016;3.64304
1568902916871000000;-4.10461;-8.6012;1.50681
1568902916876000000;-3.25012;-7.80774;-0.324249
1568902916881000000;-3.43323;-6.89221;-2.21634
1568902916886000000;-4.53186;-5.4884;-3.86429
1568902916891000000;-5.87463;-3.65735;-5.14603
1568902916896000000;-6.05774;-1.58215;-5.32913
1568902916902000000;-0.869751;2.69031;-4.29153
1568902916907000000;-0.869751;2.69031;-4.29153
1568902916912000000;3.64685;6.47449;-1.85013
1568902916917000000;3.15857;7.57312;-0.629425
1568902916922000000;1.20544;8.12244;0.347137
1568902916927000000;-1.297;8.18347;0.774384
1568902916932000000;-2.15149;7.69519;0.774384
1568902916938000000;-0.747681;6.77966;0.530243
1568902916943000000;1.44958;5.74207;0.102997
1568902916948000000;3.15857;4.15515;-1.11771
1568902916953000000;3.70789;2.38513;-2.1553
1568902916958000000;2.91443;0.493042;-2.94876
1568902916963000000;0.289917;-1.33801;-3.43704
1568902916968000000;-2.82288;-3.16907;-3.62015
1568902916974000000;-4.89807;-4.81702;-3.62015
1568902916979000000;-4.776;-6.03772;-3.0098
1568902916984000000;-3.5553;-6.89221;-1.91116
1568902916989000000;-2.5177;-7.19739;-0.812531
1568902916994000000;-2.02942;-7.13635;-0.0801086
1568902916999000000;-2.82288;-6.526;0.225067
1568902917005000000;-5.69153;-5.73254;0.469208
1568902917010000000;-8.56018;-4.51184;0.469208
1568902917015000000;-8.56018;-3.047;0.164032
1568902917020000000;-6.72913;-1.15491;-0.69046
1568902917025000000;-3.7384;0.737183;-1.91116
1568902917030000000;-0.38147;2.69031;-3.0098
1568902917035000000;2.12097;4.7655;-3.68118
1568902917041000000;2.60925;6.41345;-4.16946
1568902917046000000;1.32751;7.51208;-4.2305
1568902917051000000;-0.259399;8.24451;-3.68118
1568902917056000000;-0.564575;8.36658;-2.76566
1568902917061000000;0.411987;8.0614;-1.48392
1568902917066000000;2.54822;7.45105;0.102997
1568902917071000000;3.70789;4.39929;3.09372
1568902917077000000;3.70789;4.39929;3.09372
1568902917082000000;-1.90735;0.00476074;3.76511
1568902917087000000;-5.50842;-2.31458;3.82614
1568902917092000000;-5.50842;-2.31458;3.82614
1568902917097000000;-6.91223;-6.3429;2.23923
1568902917102000000;-5.20325;-7.68567;0.530243
1568902917107000000;-4.04358;-8.72327;-0.934601
1568902917113000000;-3.00598;-8.90637;-1.85013
1568902917118000000;-3.37219;-8.72327;-2.70462
1568902917123000000;-4.71497;-7.99084;-3.37601
1568902917128000000;-5.69153;-6.40393;-3.43704
1568902917133000000;-5.38635;-4.93909;-2.52151
1568902917138000000;-2.76184;-3.29114;-1.30081
1568902917143000000;1.32751;-1.15491;-0.56839
1568902917149000000;3.52478;0.981323;0.408173
1568902917154000000;2.85339;2.69031;1.50681
1568902917159000000;1.20544;3.84998;1.81198
1568902917164000000;-0.198364;5.00964;1.62888
1568902917169000000;-1.84631;5.92517;1.07956
1568902917174000000;-3.92151;6.16931;0.164032
1568902917180000000;-4.53186;6.10828;-0.69046
1568902917185000000;-3.79944;5.8031;-1.78909
1568902917190000000;-2.5177;5.19275;-2.03323
1568902917195000000;-2.45667;4.27722;-1.30081
1568902917200000000;-4.04358;3.17859;-0.812531
1568902917205000000;-6.42395;2.01892;-0.629425
1568902917210000000;-8.98743;0.798218;-0.202179
1568902917215000000;-9.53674;-0.605591;0.774384
1568902917221000000;-8.255;-1.76526;1.93405
1568902917226000000;-5.87463;-2.74182;2.84958
1568902917231000000;-3.5553;-3.2301;2.78854
1568902917236000000;-1.96838;-3.84045;2.5444
1568902917241000000;-1.11389;-4.14563;1.81198
1568902917246000000;-0.686646;-4.02356;0.530243
1568902917251000000;-0.808716;-3.047;-2.27737
1568902917257000000;-0.808716;-3.047;-2.27737
1568902917262000000;3.70789;-1.33801;-4.2305
1568902917267000000;5.72205;-0.23938;-4.4136
1568902917272000000;6.45447;0.676147;-3.37601
1568902917277000000;5.23376;1.59167;-1.85013
1568902917282000000;3.09753;2.14099;0.164032
1568902917288000000;0.839233;2.81238;2.23923
1568902917293000000;-0.808716;3.11755;4.31442
1568902917298000000;-1.17493;3.05652;6.45065
1568902917303000000;-0.38147;2.93445;8.58688
1568902917308000000;0.473022;2.56824;9.99069
1568902917313000000;1.14441;1.83582;10.54
1568902917318000000;0.473022;1.04236;10.1128
1568902917323000000;-0.869751;-0.11731;8.28171
1568902917329000000;-2.02942;-1.09387;6.20651
1568902917334000000;-1.41907;-1.94836;3.582
1568902917339000000;0.839233;-2.55872;0.896454
1568902917344000000;4.31824;-3.10803;-1.91116
1568902917349000000;7.85828;-3.16907;-4.71878
1568902917354000000;10.6049;-3.10803;-6.97708
1568902917359000000;11.5814;-2.86389;-8.07571
1568902917365000000;11.0321;-2.68079;-8.01468
1568902917370000000;9.75037;-2.31458;-6.67191
1568902917375000000;8.34656;-1.82629;-4.35257
1568902917380000000;7.06482;-1.27698;-1.36185
1568902917385000000;6.45447;-0.849731;1.87302
1568902917390000000;5.66101;-0.178345;4.92477
1568902917395000000;4.86755;0.309937;7.12204
1568902917401000000;1.93787;0.615112;9.01413
1568902917406000000;-2.27356;0.370972;10.0517
1568902917411000000;-5.75256;0.370972;10.1738
1568902917416000000;-7.76672;0.309937;9.44138
1568902917421000000;-8.0719;0.309937;7.30515
1568902917426000000;-7.82776;0.370972;4.07028
1568902917431000000;-3.98254;0.737183;-2.58255
1568902917437000000;-2.02942;1.2865;-4.90189
1568902917442000000;-1.17493;1.59167;-6.67191
1568902917447000000;-0.808716;1.89685;-7.77054
1568902917452000000;0.534058;2.44617;-7.7095
1568902917457000000;3.0365;2.81238;-6.30569
1568902917462000000;6.3324;2.87341;-3.86429
1568902917467000000;10.2997;2.93445;-0.629425
1568902917472000000;13.1073;2.69031;2.72751
1568902917478000000;13.5956;2.14099;5.29099
1568902917483000000;12.9242;1.22546;7.24411
1568902917488000000;12.0697;0.248901;8.28171
1568902917493000000;11.7035;-1.09387;8.28171
1568902917498000000;11.0931;-2.31458;7.30515
1568902917503000000;10.4828;-3.71838;5.6572
1568902917508000000;9.38416;-4.87805;3.33786
1568902917514000000;8.16345;-5.79358;0.286102
1568902917519000000;6.69861;-6.526;-2.76566
1568902917524000000;5.11169;-6.77014;-5.4512
1568902917529000000;2.85339;-6.83118;-7.16019
1568902917534000000;0.778198;-6.28186;-7.7095
1568902917539000000;-0.0762939;-5.12219;-6.97708
1568902917544000000;-0.50354;-3.90149;-5.08499
1568902917550000000;-0.38147;-2.31458;-2.70462
1568902917555000000;0.228882;-0.605591;-0.44632
1568902917560000000;0.411987;1.04236;1.68991
1568902917565000000;0.167847;2.5072;3.70407
1568902917570000000;-0.686646;3.72791;5.41306
1568902917575000000;-0.930786;4.39929;6.32858
1568902917580000000;0.167847;4.82654;6.20651
1568902917585000000;3.15857;5.07068;5.16891
1568902917591000000;6.08826;5.00964;2.91061
1568902917596000000;8.40759;4.70447;-0.0190735
1568902917601000000;10.2386;3.84998;-3.0098
1568902917606000000;11.0321;3.11755;-5.63431
1568902917611000000;10.1776;2.26306;-8.01468
1568902917616000000;9.20105;1.22546;-9.9678
1568902917621000000;9.01794;-0.178345;-10.4561
1568902917627000000;9.01794;-0.178345;-10.4561
1568902917632000000;6.3324;-1.27698;-6.73294
1568902917637000000;6.3324;-1.27698;-6.73294
1568902917642000000;-0.686646;-1.70422;-1.54495
1568902917647000000;-4.5929;-1.88733;1.01852
1568902917652000000;-7.09534;-1.64319;3.33786
1568902917657000000;-8.56018;-1.46008;5.04684
1568902917662000000;-9.17053;-1.39905;6.02341
1568902917668000000;-9.17053;-1.09387;5.90134
1568902917673000000;-8.49915;-0.788696;4.86374
1568902917678000000;-7.76672;-0.11731;3.09372
1568902917683000000;-7.94983;0.309937;1.07956
1568902917688000000;-8.19397;0.676147;-1.05667
1568902917693000000;-6.54602;1.22546;-2.88773
1568902917698000000;-3.25012;1.71375;-4.47464
1568902917703000000;-0.0152588;2.20203;-5.4512
1568902917709000000;2.97546;2.44617;-6.18362
1568902917714000000;5.23376;2.69031;-6.00052
1568902917719000000;5.41687;2.62927;-5.32913
1568902917724000000;4.74548;2.26306;-3.92532
1568902917729000000;3.89099;1.83582;-2.03323
1568902917734000000;4.13513;1.16443;0.0419617
1568902917739000000;4.62341;0.432007;1.68991
1568902917744000000;4.37927;-0.483521;2.91061
1568902917750000000;3.40271;-1.76526;4.19235
1568902917755000000;1.8158;-2.98596;5.35202
1568902917760000000;-0.62561;-4.14563;5.77927
1568902917765000000;-4.22668;-5.06116;5.47409
1568902917770000000;-7.40051;-5.91565;4.8027
1568902917775000000;-9.65881;-6.526;3.70407
1568902917781000000;-10.4523;-6.46497;2.17819
1568902917786000000;-10.6354;-6.22083;0.652313
1568902917791000000;-10.5133;-5.24426;-0.69046
1568902917796000000;-11.2457;-3.96252;-2.09427
1568902917801000000;-13.6261;-0.422485;-5.4512
1568902917806000000;-13.382;1.65271;-6.30569
1568902917811000000;-11.9171;3.78894;-6.24466
1568902917816000000;-8.98743;5.49792;-5.57327
1568902917822000000;-4.95911;7.39001;-4.29153
1568902917827000000;-1.297;8.79382;-2.82669
1568902917832000000;1.08337;9.77039;-0.995636
1568902917837000000;2.24304;10.0756;1.01852
1568902917842000000;2.67029;9.40417;3.03268
1568902917847000000;2.60925;8.12244;4.86374
1568902917852000000;3.0365;6.23035;6.20651
1568902917858000000;3.89099;4.03308;6.81686
1568902917863000000;4.80652;1.4696;6.75583
1568902917868000000;4.80652;-1.39905;5.90134
1568902917873000000;3.82996;-3.90149;4.49753
1568902917878000000;1.69373;-6.526;2.72751
1568902917883000000;-1.60217;-8.90637;0.347137
1568902917888000000;-5.02014;-10.6764;-2.33841
1568902917894000000;-7.27844;-11.714;-4.65775
1568902917899000000;-7.46155;-11.5919;-6.36673
1568902917904000000;-6.72913;-10.4933;-7.40433
1568902917909000000;-6.17981;-8.96741;-7.5264
1568902917914000000;-6.30188;-6.77014;-6.85501
1568902917919000000;-6.48499;-4.2677;-5.02396
1568902917924000000;-7.0343;-1.39905;-2.64359
1568902917930000000;-7.40051;1.4696;0.225067
1568902917935000000;-7.15637;4.21619;3.03268
1568902917940000000;-5.50842;6.77966;5.96237
1568902917945000000;-3.00598;8.73279;8.52585
1568902917950000000;-0.259399;10.1976;10.1128
1568902917955000000;1.26648;11.0521;10.479
1568902917960000000;1.02234;10.6249;9.38034
1568902917966000000;-0.564575;9.58728;7.36618
1568902917971000000;-1.78528;8.00037;4.55856
1568902917976000000;-1.78528;6.29138;1.68991
1568902917981000000;1.93787;2.14099;-4.16946
1568902917986000000;1.93787;2.14099;-4.16946
1568902917991000000;2.91443;-2.49768;-8.50296
1568902917996000000;2.91443;-2.49768;-8.50296
1568902918002000000;0.289917;-5.97668;-7.89261
1568902918007000000;-2.45667;-7.19739;-5.75638
1568902918012000000;-3.67737;-7.99084;-2.94876
1568902918017000000;-3.86047;-7.99084;-0.0190735
1568902918022000000;-2.88391;-7.68567;3.15475
1568902918027000000;-1.96838;-6.77014;6.02341
1568902918032000000;-2.39563;-5.67151;8.15964
1568902918038000000;-4.65393;-4.51184;9.25827
1568902918043000000;-7.88879;-3.10803;9.74655
1568902918048000000;-10.3912;-1.64319;9.25827
1568902918053000000;-11.1237;-0.0562744;7.85446
1568902918058000000;-9.96399;1.65271;5.16891
1568902918063000000;-8.0719;3.36169;2.17819
1568902918069000000;-6.17981;4.70447;-0.629425
1568902918074000000;-4.16565;6.16931;-2.88773
1568902918079000000;-3.79944;7.0238;-4.77982
1568902918084000000;-4.65393;7.69519;-5.75638
1568902918089000000;-5.44739;7.8783;-5.81741
1568902918094000000;-4.40979;7.57312;-5.08499
1568902918099000000;-2.09045;7.08484;-3.80325
1568902918105000000;0.350952;6.10828;-1.66702
1568902918110000000;1.93787;4.64343;0.835419
1568902918115000000;1.87683;2.62927;2.91061
1568902918120000000;0.656128;0.737183;4.55856
1568902918125000000;-1.4801;-1.58215;5.41306
1568902918130000000;-3.7384;-3.65735;6.08444
1568902918135000000;-5.08118;-5.61047;6.14548
1568902918141000000;-4.34875;-7.25842;5.41306
1568902918146000000;-2.82288;-8.47913;4.25339
1568902918151000000;-1.35803;-9.45569;1.01852
1568902918156000000;-2.63977;-9.27258;-0.69046
1568902918161000000;-2.63977;-9.27258;-0.69046
1568902918166000000;-6.60706;-6.89221;-2.46048
1568902918171000000;-7.33948;-5.06116;-2.46048
1568902918177000000;-5.87463;-2.98596;-2.52151
1568902918182000000;-3.61633;-0.605591;-2.52151
1568902918187000000;-1.78528;1.4696;-2.09427
1568902918192000000;-0.869751;3.72791;-1.36185
1568902918197000000;-0.869751;5.62;-0.934601
1568902918202000000;-2.39563;7.20691;-0.507355
1568902918207000000;-3.79944;8.18347;-0.202179
1568902918213000000;-3.7384;8.85486;-0.324249
1568902918218000000;-1.60217;9.03796;-0.324249
1568902918223000000;1.32751;8.97693;-0.873566
1568902918228000000;3.89099;8.00037;-1.36185
1568902918233000000;4.74548;6.47449;-1.91116
1568902918238000000;4.31824;4.64343;-2.21634
1568902918243000000;2.85339;2.75134;-2.27737
1568902918248000000;0.900269;0.370972;-1.9722
1568902918254000000;-0.198364;-1.88733;-1.48392
1568902918259000000;0.289917;-3.77942;-0.934601
1568902918264000000;1.26648;-5.61047;-0.56839
1568902918269000000;2.30408;-7.19739;-0.0190735
1568902918274000000;2.73132;-8.35706;0.102997
1568902918279000000;1.38855;-8.96741;-0.202179
1568902918284000000;-1.72424;-9.21155;-0.873566
1568902918289000000;-4.16565;-8.84534;-1.60599
1568902918295000000;-4.776;-7.62463;-1.9722
1568902918300000000;-3.37219;-5.97668;-2.64359
1568902918305000000;-0.686646;-3.90149;-3.74222
1568902918310000000;1.8158;-1.33801;-4.47464
1568902918315000000;3.46375;1.04236;-4.71878
1568902918320000000;3.58582;3.30066;-4.77982
1568902918325000000;3.15857;5.49792;-4.29153
1568902918331000000;1.8158;7.32898;-3.13187
1568902918336000000;1.20544;8.42761;-1.60599
1568902918341000000;4.62341;9.52625;1.01852
1568902918346000000;6.21033;9.099;2.05612
1568902918351000000;5.90515;7.81726;2.66647
1568902918356000000;3.46375;6.04724;2.66647
1568902918361000000;0.473022;4.21619;2.42233
1568902918367000000;-2.15149;2.01892;1.93405
1568902918372000000;-3.49426;-0.178345;0.957489
1568902918377000000;-2.57874;-2.49768;-0.69046
1568902918382000000;-0.0762939;-4.32874;-3.0098
1568902918387000000;2.24304;-5.73254;-4.71878
1568902918392000000;3.64685;-7.01428;-5.81741
1568902918397000000;4.19617;-7.7467;-6.06155
1568902918403000000;3.46375;-8.17395;-5.63431
1568902918408000000;2.91443;-7.99084;-4.59671
1568902918413000000;3.82996;-7.50256;-3.13187
1568902918418000000;6.39343;-6.28186;-1.48392
1568902918423000000;8.89587;-5.12219;0.347137
1568902918428000000;9.93347;-3.71838;2.3613
1568902918433000000;9.50623;-2.25354;4.25339
1568902918439000000;8.5907;-0.910767;4.86374
1568902918444000000;6.27136;0.493042;4.55856
1568902918449000000;2.85339;1.4696;3.82614
1568902918454000000;0.0457764;2.3241;2.60544
1568902918459000000;-1.35803;2.81238;0.835419
1568902918464000000;-2.09045;3.48376;-1.23978
1568902918469000000;-2.82288;3.84998;-3.43704
1568902918474000000;-4.10461;4.15515;-5.69534
1568902918480000000;-6.42395;4.39929;-7.7095
1568902918485000000;-8.68225;4.52136;-9.11331
1568902918490000000;-9.78088;4.46033;-9.17435
1568902918495000000;-9.47571;4.33826;-8.01468
1568902918500000000;-7.76672;4.09412;-6.06155
1568902918505000000;-5.08118;3.78894;-3.80325
1568902918510000000;-1.90735;3.42273;-0.812531
1568902918516000000;1.63269;2.69031;2.17819
1568902918521000000;5.35583;0.554077;6.20651
1568902918526000000;5.84412;-0.788696;7.61032
1568902918531000000;5.84412;-0.788696;7.61032
1568902918536000000;9.8114;-3.90149;7.61032
1568902918541000000;12.7411;-5.06116;5.8403
1568902918546000000;13.5956;-6.3429;3.70407
1568902918551000000;12.3749;-7.5636;1.38474
1568902918557000000;10.5438;-8.35706;-1.30081
1568902918562000000;7.49207;-8.72327;-3.62015
1568902918567000000;3.2196;-8.54016;-5.51224
1568902918572000000;-0.869751;-8.05188;-7.16019
1568902918577000000;-3.7384;-6.70911;-7.89261
1568902918582000000;-5.20325;-4.63391;-7.34329
1568902918587000000;-5.9967;-2.31458;-5.39017
1568902918593000000;-6.97327;0.370972;-2.94876
1568902918598000000;-8.80432;3.05652;-0.812531
1568902918603000000;-11.2457;5.68103;1.44577
1568902918608000000;-11.795;7.8783;4.37546
1568902918613000000;-9.90295;9.89246;7.30515
1568902918618000000;-6.54602;11.2963;9.19724
1568902918623000000;-2.45667;12.0897;10.0517
1568902918629000000;1.32751;12.2118;9.74655
1568902918634000000;4.92859;11.4794;8.0986
1568902918639000000;7.37;9.89246;5.96237
1568902918644000000;8.22449;7.63416;3.3989
1568902918649000000;8.5907;4.7655;1.38474
1568902918654000000;9.20105;1.59167;-0.751495
1568902918659000000;10.1776;-1.52112;-3.31497
1568902918665000000;10.6049;-4.51184;-5.32913
1568902918670000000;9.44519;-7.44153;-6.4888
1568902918675000000;5.66101;-9.88293;-6.67191
1568902918680000000;1.8158;-11.714;-5.69534
1568902918685000000;-1.23596;-12.8737;-3.49808
1568902918690000000;-6.48499;-12.8737;2.30026
1568902918695000000;-6.48499;-12.8737;2.30026
1568902918700000000;-8.49915;-9.39465;6.51169
1568902918706000000;-8.49915;-9.39465;6.51169
1568902918711000000;-10.025;-5.06116;10.9062
1568902918716000000;-11.5509;-2.43665;11.3945
1568902918721000000;-13.1989;0.370972;10.6621
1568902918726000000;-14.1754;2.87341;8.76999
1568902918731000000;-13.0768;5.31482;5.8403
1568902918736000000;-9.96399;7.81726;2.5444
1568902918742000000;-7.0343;9.70935;-0.873566
1568902918747000000;-4.71497;11.1132;-3.92532
1568902918752000000;-3.49426;11.8456;-6.42776
1568902918757000000;-1.72424;12.1508;-8.13675
1568902918762000000;-0.38147;11.7235;-8.62503
1568902918767000000;0.717163;10.5028;-8.07571
1568902918772000000;2.42615;8.61072;-6.36673
1568902918778000000;5.66101;6.35242;-3.74222
1568902918783000000;8.5907;3.78894;-0.69046
1568902918788000000;9.99451;0.859253;2.48337
1568902918793000000;10.4218;-2.13147;5.35202
1568902918798000000;9.8114;-5.00012;7.73239
1568902918803000000;8.22449;-7.99084;9.56345
1568902918808000000;6.02722;-10.6154;10.6621
1568902918813000000;3.46375;-12.8737;10.54
1568902918819000000;1.44958;-14.4606;9.38034
1568902918824000000;-0.808716;-15.4982;6.75583
1568902918829000000;-3.25012;-15.4982;3.21579
1568902918834000000;-5.87463;-14.3385;-0.56839
1568902918839000000;-8.86536;-12.0192;-4.10843
1568902918844000000;-12.1613;-9.15051;-7.28226
1568902918850000000;-14.8468;-5.4884;-10.1509
1568902918855000000;-15.5792;-0.605591;-11.982
1568902918860000000;-13.6871;6.47449;-12.1651
1568902918865000000;-10.7574;11.6014;-10.9444
1568902918870000000;-8.19397;12.9442;-8.31985
1568902918875000000;-5.38635;13.7377;-4.90189
1568902918880000000;-0.747681;16.4232;3.45993
1568902918885000000;0.534058;16.4843;7.12204
1568902918891000000;2.91443;15.0194;10.0517
1568902918896000000;6.45447;12.3949;11.8828
1568902918901000000;6.45447;12.3949;11.8828
1568902918906000000;10.849;4.39929;11.2724
1568902918911000000;11.0321;0.859253;8.52585
1568902918916000000;9.50623;-2.74182;4.49753
1568902918921000000;6.88171;-4.69495;-0.0801086
1568902918927000000;4.13513;-7.01428;-4.47464
1568902918932000000;1.87683;-9.8219;-8.25882
1568902918937000000;0.900269;-11.9581;-10.7613
1568902918942000000;0.228882;-13.423;-12.1651
1568902918947000000;-0.62561;-13.9723;-12.2871
1568902918952000000;-2.21252;-13.1788;-10.8223
1568902918957000000;-4.10461;-11.8971;-8.25882
1568902918963000000;-6.30188;-9.88293;-4.2305
1568902918968000000;-8.43811;-7.38049;0.591278
1568902918973000000;-8.80432;-4.81702;5.29099
1568902918978000000;-7.76672;-1.88733;9.44138
1568902918983000000;-5.69153;0.920288;12.31
1568902918988000000;-3.5553;3.05652;13.7749
1568902918993000000;-2.39563;5.19275;13.7138
1568902918999000000;-2.63977;7.0238;12.0659
1568902919004000000;-3.12805;8.36658;9.19724
1568902919009000000;-3.37219;9.40417;5.41306
1568902919014000000;-2.15149;9.46521;0.896454
1568902919019000000;0.289917;9.64832;-3.74222
1568902919024000000;2.97546;9.2821;-8.13675
1568902919029000000;5.41687;8.36658;-10.9444
1568902919034000000;7.06482;7.08484;-12.2261
1568902919039000000;7.30896;5.07068;-11.6768
1568902919045000000;6.27136;3.11755;-9.9678
1568902919050000000;4.62341;1.04236;-7.09915
1568902919055000000;3.2196;-1.03284;-3.49808
1568902919060000000;3.70789;-2.86389;0.469208
1568902919065000000;4.74548;-4.63391;4.43649
1568902919070000000;5.41687;-6.15979;7.61032
1568902919075000000;3.2196;-8.54016;10.7841
1568902919080000000;0.106812;-9.39465;9.92966
1568902919085000000;-2.5177;-9.69983;7.97653
1568902919091000000;-4.28772;-9.45569;4.98581
1568902919096000000;-4.28772;-9.45569;4.98581
1568902919101000000;-3.06702;-6.83118;-1.85013
1568902919106000000;-0.808716;-4.81702;-5.14603
1568902919111000000;1.02234;-2.25354;-7.58743
1568902919116000000;2.05994;0.187866;-9.05228
1568902919121000000;1.57166;2.5072;-9.35745
1568902919127000000;0.473022;4.64343;-8.564
1568902919132000000;0.350952;6.71863;-6.24466
1568902919137000000;1.93787;8.24451;-3.0098
1568902919142000000;5.05066;9.34314;0.530243
1568902919147000000;7.91931;9.83142;3.52097
1568902919152000000;9.87244;9.58728;5.71823
1568902919157000000;9.6283;8.48865;7.30515
1568902919163000000;7.85828;6.65759;7.9155
1568902919168000000;5.17273;4.39929;7.36618
1568902919173000000;3.89099;2.26306;5.53513
1568902919178000000;3.76892;0.00476074;3.03268
1568902919183000000;5.41687;-2.07043;0.164032
1568902919188000000;6.75964;-4.08459;-3.0098
1568902919193000000;7.24792;-5.97668;-5.63431
1568902919199000000;6.39343;-7.31946;-7.28226
1568902919204000000;4.0741;-8.29602;-7.89261
1568902919209000000;1.51062;-8.7843;-7.34329
1568902919214000000;0.106812;-8.47913;-6.18362
1568902919219000000;0.534058;-7.62463;-4.04739
1568902919230000000;4.44031;-3.047;3.76511
1568902919235000000;4.44031;-3.047;3.76511
1568902919240000000;0.717163;0.493042;6.14548
1568902919245000000;-0.50354;2.07996;6.08444
1568902919251000000;-0.930786;3.78894;5.04684
1568902919256000000;0.167847;5.00964;3.3989
1568902919261000000;2.42615;6.10828;1.14059
1568902919266000000;4.50134;7.32898;-1.42288
1568902919271000000;5.2948;7.39001;-3.92532
1568902919276000000;4.68445;7.63416;-6.12259
1568902919281000000;3.58582;7.08484;-7.09915
1568902919286000000;2.36511;6.16931;-7.34329
1568902919292000000;1.44958;5.19275;-6.79398
1568902919297000000;2.36511;3.5448;-5.14603
1568902919302000000;3.95203;2.38513;-2.94876
1568902919307000000;4.86755;0.615112;-0.812531
1568902919312000000;3.40271;-1.09387;1.3237
1568902919317000000;1.26648;-2.80286;3.09372
1568902919322000000;-1.17493;-4.32874;4.8027
1568902919328000000;-3.00598;-5.67151;6.14548
1568902919333000000;-3.12805;-6.89221;6.20651
1568902919338000000;-1.66321;-7.50256;5.22995
1568902919343000000;0.0457764;-7.68567;3.52097
1568902919348000000;0.900269;-7.50256;1.81198
1568902919353000000;0.961304;-6.77014;0.102997
1568902919358000000;-0.198364;-5.85461;-1.66702
1568902919363000000;-2.33459;-4.69495;-2.88773
1568902919369000000;-3.43323;-2.98596;-3.80325
1568902919374000000;-2.45667;-1.27698;-4.4136
1568902919379000000;-0.320435;0.493042;-4.4136
1568902919384000000;1.38855;2.26306;-3.37601
1568902919389000000;1.8158;3.78894;-1.9722
1568902919394000000;0.961304;4.82654;-0.629425
1568902919399000000;-1.05286;5.55896;0.469208
1568902919404000000;-3.37219;5.98621;1.3237
1568902919410000000;-4.5929;6.04724;2.11716
1568902919415000000;-3.92151;5.8031;2.5444
1568902919420000000;-1.35803;5.19275;2.72751
1568902919425000000;3.58582;3.23962;2.11716
1568902919430000000;3.09753;1.83582;1.26266
1568902919435000000;3.09753;1.83582;1.26266
1568902919440000000;-0.320435;-1.33801;-0.69046
1568902919445000000;-0.320435;-1.33801;-0.69046
1568902919451000000;-0.259399;-4.02356;-1.78909
1568902919456000000;2.05994;-4.87805;-2.33841
1568902919461000000;4.31824;-5.36633;-2.70462
1568902919466000000;4.80652;-5.91565;-2.88773
1568902919471000000;3.46375;-5.85461;-2.88773
1568902919476000000;0.656128;-5.79358;-2.76566
1568902919481000000;-2.27356;-5.3053;-3.0098
1568902919487000000;-4.04358;-4.45081;-3.0098
1568902919492000000;-3.18909;-3.10803;-2.64359
1568902919497000000;-0.50354;-1.52112;-2.52151
1568902919502000000;2.54822;0.126831;-2.70462
1568902919507000000;3.89099;1.53064;-2.58255
1568902919512000000;3.2196;2.87341;-2.33841
1568902919517000000;1.8158;3.91101;-1.91116
1568902919522000000;0.350952;4.94861;-1.30081
1568902919528000000;-0.50354;5.31482;-0.812531
1568902919533000000;0.106812;5.62;-0.324249
1568902919538000000;2.48718;5.43689;0.286102
1568902919543000000;4.98962;5.07068;0.347137
1568902919548000000;5.84412;4.09412;0.286102
1568902919553000000;3.95203;2.93445;0.164032
1568902919558000000;0.473022;1.40857;-0.56839
1568902919563000000;-2.5177;-0.0562744;-1.36185
1568902919569000000;-3.5553;-1.21594;-2.33841
1568902919574000000;-2.70081;-2.43665;-3.25394
1568902919579000000;-0.137329;-3.41321;-4.10843
1568902919584000000;2.79236;-3.65735;-4.71878
1568902919589000000;4.37927;-3.84045;-4.84085
1568902919594000000;4.01306;-3.77942;-4.65775
1568902919599000000;2.42615;-3.47424;-3.98636
1568902919605000000;0.961304;-2.86389;-3.1929
1568902919610000000;-0.0762939;-2.25354;-1.60599
1568902919615000000;0.411987;-1.58215;0.286102
1568902919620000000;5.66101;0.493042;3.21579
1568902919625000000;5.66101;0.493042;3.21579
1568902919630000000;3.09753;1.65271;4.25339
1568902919635000000;-0.442505;1.77478;3.76511
1568902919640000000;-3.86047;1.95789;3.03268
1568902919646000000;-5.93567;1.71375;2.23923
1568902919651000000;-5.8136;1.77478;1.07956
1568902919656000000;-3.67737;1.83582;-0.629425
1568902919661000000;-1.4801;1.77478;-2.21634
1568902919666000000;-0.62561;1.65271;-3.0098
1568902919671000000;-0.808716;1.34753;-3.37601
1568902919676000000;-1.90735;0.981323;-3.43704
1568902919682000000;-3.06702;0.737183;-3.0098
1568902919687000000;-3.37219;0.248901;-1.72806
1568902919692000000;-1.23596;-0.178345;-0.202179
1568902919697000000;2.12097;-0.422485;1.26266
1568902919702000000;5.41687;-0.788696;2.5444
1568902919707000000;6.14929;-1.33801;3.45993
1568902919713000000;4.2572;-2.25354;4.07028
1568902919718000000;1.32751;-2.80286;3.52097
1568902919723000000;-1.05286;-3.59631;2.5444
1568902919728000000;-2.39563;-4.08459;1.68991
1568902919733000000;-1.72424;-4.32874;0.713348
1568902919738000000;-0.564575;-4.38977;-0.629425
1568902919743000000;0.411987;-4.02356;-2.21634
1568902919749000000;0.106812;-3.59631;-3.25394
1568902919754000000;-1.66321;-2.98596;-3.68118
1568902919759000000;-4.65393;-2.13147;-3.92532
1568902919764000000;-7.46155;-1.15491;-3.92532
1568902919769000000;-8.56018;-0.0562744;-3.25394
1568902919774000000;-7.58362;1.2865;-1.66702
1568902919779000000;-5.02014;2.38513;-0.263214
1568902919785000000;-2.88391;3.66687;1.07956
1568902919790000000;-2.94495;5.07068;2.84958
1568902919795000000;-4.53186;5.13171;3.09372
1568902919800000000;-4.53186;5.13171;3.09372
1568902919805000000;-5.38635;5.07068;1.68991
1568902919810000000;-3.31116;4.52136;1.07956
1568902919815000000;0.0457764;3.91101;0.225067
1568902919820000000;3.28064;3.17859;-0.812531
1568902919826000000;4.19617;2.14099;-1.60599
1568902919831000000;3.28064;0.859253;-1.9722
1568902919836000000;1.51062;-0.422485;-1.9722
1568902919841000000;0.0457764;-1.64319;-1.36185
1568902919846000000;-1.05286;-2.80286;-0.629425
1568902919851000000;-0.747681;-3.71838;0.591278
1568902919856000000;0.473022;-4.2677;2.30026
1568902919861000000;1.32751;-4.69495;3.52097
1568902919867000000;1.26648;-4.87805;4.49753
1568902919872000000;-0.808716;-4.87805;5.16891
1568902919877000000;-4.04358;-4.69495;5.41306
1568902919882000000;-7.0343;-4.45081;5.71823
1568902919887000000;-7.33948;-3.84045;5.47409
1568902919892000000;-6.05774;-2.74182;4.8027
1568902919897000000;-4.16565;-1.46008;3.45993
1568902919902000000;-2.70081;-0.300415;1.87302
1568902919908000000;-1.35803;1.04236;0.408173
1568902919913000000;-1.54114;2.14099;-0.56839
1568902919918000000;-2.88391;3.05652;-1.23978
1568902919923000000;-4.47083;3.84998;-1.30081
1568902919928000000;-4.5929;4.46033;-0.873566
1568902919933000000;-3.06702;4.5824;-0.56839
1568902919938000000;-0.869751;4.5824;-0.0801086
1568902919944000000;0.350952;4.27722;0.835419
1568902919949000000;-0.320435;3.48376;2.05612
1568902919954000000;-2.15149;2.38513;2.78854
1568902919959000000;-4.34875;1.10339;3.15475
1568902919964000000;-6.05774;-0.11731;3.45993
1568902919969000000;-4.776;-2.43665;3.27682
1568902919974000000;-4.776;-2.43665;3.27682
1568902919980000000;-0.930786;-3.84045;1.68991
1568902919985000000;-0.930786;-3.84045;1.68991
1568902919990000000;-0.38147;-4.51184;0.591278
1568902919995000000;-1.66321;-4.45081;-0.263214
1568902920000000000;-2.63977;-4.02356;-0.873566
1568902920005000000;-2.15149;-3.41321;-1.11771
1568902920010000000;-0.198364;-2.37561;-0.873566
1568902920016000000;1.8158;-1.15491;-0.69046
1568902920021000000;2.54822;-0.23938;-0.385284
1568902920026000000;2.18201;0.676147;0.102997
1568902920031000000;1.02234;1.71375;0.102997
1568902920036000000;-0.991821;2.5072;-0.0190735
1568902920041000000;-3.00598;2.99548;0.102997
1568902920046000000;-4.10461;3.42273;0.347137
1568902920051000000;-3.37219;3.66687;0.591278
1568902920057000000;-1.84631;3.91101;0.591278
1568902920062000000;-0.747681;3.66687;0.774384
1568902920067000000;-0.62561;3.30066;0.835419
1568902920072000000;-1.41907;2.75134;0.652313
1568902920077000000;-1.96838;1.95789;0.835419
1568902920082000000;-2.39563;0.981323;1.50681
1568902920088000000;-2.39563;-0.178345;1.99509
1568902920093000000;-1.41907;-1.21594;2.48337
1568902920098000000;0.106812;-2.07043;2.48337
1568902920103000000;2.12097;-3.047;2.3613
1568902920108000000;3.28064;-3.77942;2.23923
1568902920113000000;2.60925;-4.51184;1.44577
1568902920118000000;1.20544;-5.00012;0.347137
1568902920123000000;-0.564575;-5.36633;-0.873566
1568902920128000000;-1.17493;-5.36633;-2.03323
1568902920134000000;-0.0152588;-4.81702;-2.94876
1568902920139000000;1.51062;-3.90149;-3.74222
1568902920144000000;3.0365;-2.74182;-4.16946
1568902920149000000;2.91443;-1.46008;-3.80325
1568902920154000000;2.12097;-0.11731;-3.13187
1568902920159000000;0.778198;1.2865;-2.27737
1568902920164000000;-0.930786;2.69031;-0.934601
1568902920169000000;-2.5177;3.66687;0.347137
1568902920175000000;-0.38147;5.37585;2.84958
1568902920180000000;1.14441;5.98621;3.582
1568902920185000000;1.51062;6.29138;3.582
1568902920190000000;0.717163;5.98621;2.72751
1568902920195000000;0.717163;5.98621;2.72751
1568902920200000000;-2.27356;4.33826;-0.0190735
1568902920205000000;-2.45667;3.42273;-1.42288
1568902920210000000;-1.23596;2.3241;-2.94876
1568902920216000000;0.839233;1.40857;-4.04739
1568902920221000000;2.79236;0.309937;-5.08499
1568902920226000000;3.58582;-0.788696;-5.57327
1568902920231000000;3.15857;-1.82629;-5.02396
1568902920236000000;1.9989;-2.80286;-3.92532
1568902920241000000;0.167847;-3.53528;-2.09427
1568902920246000000;-1.05286;-4.32874;0.164032
1568902920252000000;-0.62561;-4.87805;1.99509
1568902920257000000;0.656128;-5.00012;3.582
1568902920262000000;1.75476;-5.06116;4.68063
1568902920267000000;1.38855;-4.81702;5.47409
1568902920272000000;-0.0152588;-4.57288;5.35202
1568902920277000000;-2.02942;-4.02356;4.43649
1568902920282000000;-4.5929;-3.29114;3.21579
1568902920287000000;-5.20325;-2.61975;1.44577
1568902920293000000;-3.61633;-1.21594;-0.56839
1568902920298000000;-1.35803;0.0657959;-2.46048
1568902920303000000;0.473022;1.53064;-3.86429
1568902920308000000;1.69373;2.62927;-4.47464
1568902920313000000;1.93787;3.66687;-4.4136
1568902920318000000;1.44958;4.46033;-3.98636
1568902920323000000;0.595093;5.07068;-2.58255
1568902920329000000;-0.0152588;5.07068;-0.873566
1568902920334000000;0.595093;4.88757;1.3237
1568902920339000000;2.24304;4.39929;2.78854
1568902920344000000;3.52478;3.48376;4.25339
1568902920349000000;3.15857;2.14099;5.29099
1568902920354000000;1.57166;0.615112;5.41306
1568902920359000000;-3.31116;-2.37561;2.72751
1568902920365000000;-3.31116;-2.37561;2.72751
1568902920370000000;-4.28772;-3.59631;0.896454
1568902920375000000;-1.96838;-5.00012;-2.76566
1568902920380000000;0.0457764;-5.00012;-4.47464
1568902920385000000;1.93787;-4.63391;-5.39017
1568902920390000000;2.36511;-4.14563;-5.57327
1568902920395000000;2.24304;-3.10803;-5.08499
1568902920400000000;1.63269;-2.07043;-3.68118
1568902920406000000;1.51062;-0.971802;-1.48392
1568902920411000000;2.79236;0.187866;0.652313
1568902920416000000;5.05066;1.2865;2.84958
1568902920421000000;7.06482;2.07996;4.74167
1568902920426000000;7.79724;2.69031;6.20651
1568902920431000000;6.82068;3.05652;6.45065
1568902920436000000;4.37927;2.87341;5.96237
1568902920442000000;1.38855;2.44617;4.68063
1568902920447000000;-0.808716;1.89685;2.42233
1568902920452000000;-1.23596;1.22546;0.102997
1568902920457000000;-0.0152588;0.615112;-2.58255
1568902920462000000;1.44958;0.187866;-4.84085
1568902920467000000;2.05994;-0.23938;-6.54984
1568902920472000000;1.69373;-0.483521;-7.40433
1568902920478000000;0.778198;-0.849731;-7.03812
1568902920483000000;-0.0152588;-0.849731;-5.87845
1568902920488000000;-0.686646;-0.971802;-4.16946
1568902920493000000;0.167847;-0.788696;-1.78909
1568902920498000000;2.54822;-0.544556;1.20163
1568902920503000000;5.66101;-0.178345;4.00925
1568902920508000000;7.43103;-0.11731;5.96237
1568902920514000000;7.00378;-0.11731;7.061
1568902920519000000;4.98962;-0.483521;7.36618
1568902920524000000;3.46375;-0.788696;6.51169
1568902920529000000;2.60925;-0.971802;4.92477
1568902920534000000;2.54822;-1.27698;2.66647
1568902920539000000;4.98962;-1.27698;-2.33841
1568902920544000000;4.98962;-1.27698;-2.33841
1568902920550000000;3.95203;-1.03284;-6.73294
1568902920555000000;1.87683;-0.788696;-7.58743
1568902920560000000;-0.50354;-0.422485;-7.22122
1568902920565000000;-2.15149;0.00476074;-6.00052
1568902920570000000;-2.09045;0.493042;-3.92532
1568902920575000000;-0.442505;1.10339;-1.60599
1568902920580000000;1.20544;1.71375;0.896454
1568902920585000000;1.08337;2.01892;3.09372
1568902920590000000;-0.564575;2.07996;5.04684
1568902920596000000;-2.57874;1.89685;6.51169
1568902920601000000;-4.04358;1.65271;7.30515
1568902920606000000;-4.28772;1.22546;7.18307
1568902920611000000;-2.63977;0.737183;5.6572
1568902920616000000;-0.198364;0.432007;3.70407
1568902920621000000;2.24304;0.0657959;1.3237
1568902920626000000;3.70789;-0.300415;-0.812531
1568902920632000000;3.70789;-0.849731;-2.46048
1568902920637000000;2.18201;-1.21594;-3.98636
1568902920642000000;0.656128;-1.76526;-4.77982
1568902920647000000;0.228882;-1.94836;-5.2681
1568902920652000000;1.14441;-2.07043;-4.90189
1568902920657000000;2.91443;-2.0094;-3.49808
1568902920662000000;3.64685;-1.88733;-1.91116
1568902920668000000;3.15857;-1.64319;-0.263214
1568902920673000000;0.778198;-1.52112;1.44577
1568902920678000000;-1.90735;-1.52112;2.30026
1568902920683000000;-4.5929;-1.46008;3.09372
1568902920688000000;-5.56946;-1.15491;3.52097
1568902920693000000;-4.65393;-0.910767;3.52097
1568902920698000000;-2.15149;-0.422485;2.97165
1568902920704000000;0.289917;0.187866;2.11716
1568902920709000000;1.14441;0.981323;0.164032
1568902920714000000;1.14441;0.981323;0.164032
1568902920719000000;-0.0762939;0.981323;-0.629425
1568902920724000000;-0.62561;1.4696;-1.9722
1568902920729000000;0.778198;1.53064;-2.21634
1568902920735000000;3.76892;1.59167;-2.33841
1568902920740000000;5.72205;1.65271;-2.52151
1568902920745000000;5.72205;1.65271;-2.52151
1568902920750000000;4.44031;0.859253;-2.1553
1568902920755000000;1.57166;0.00476074;-2.21634
1568902920760000000;-0.808716;-0.788696;-2.21634
1568902920765000000;-1.78528;-1.15491;-2.64359
1568902920770000000;-0.869751;-1.58215;-2.58255
1568902920776000000;1.51062;-1.64319;-2.46048
1568902920781000000;3.95203;-1.70422;-2.58255
1568902920786000000;4.62341;-1.39905;-2.64359
1568902920791000000;3.34167;-1.39905;-2.46048
1568902920796000000;1.57166;-1.15491;-1.91116
1568902920801000000;-0.137329;-0.971802;-1.17874
1568902920806000000;-0.686646;-0.605591;-0.56839
1568902920811000000;0.411987;-0.178345;0.164032
1568902920817000000;2.54822;0.248901;0.896454
1568902920822000000;4.13513;0.676147;1.07956
1568902920827000000;4.01306;0.981323;0.896454
1568902920832000000;1.38855;1.04236;0.164032
1568902920837000000;-1.78528;0.798218;-0.44632
1568902920842000000;-4.34875;0.737183;-1.36185
1568902920847000000;-5.08118;0.859253;-2.46048
1568902920853000000;-3.49426;1.10339;-3.74222
1568902920858000000;-0.686646;1.22546;-4.77982
1568902920863000000;1.87683;1.59167;-5.2681
1568902920868000000;2.91443;1.83582;-5.57327
1568902920873000000;2.18201;1.95789;-5.08499
1568902920878000000;1.08337;2.20203;-4.10843
1568902920883000000;-0.0762939;2.07996;-2.76566
1568902920888000000;-0.62561;1.77478;-1.17874
1568902920894000000;0.534058;1.4696;0.591278
1568902920899000000;5.53894;0.676147;3.45993
1568902920904000000;5.53894;0.676147;3.45993
1568902920909000000;1.9989;-1.15491;4.19235
1568902920914000000;1.9989;-1.15491;4.19235
1568902920919000000;-3.98254;-3.047;2.84958
1568902920924000000;-5.38635;-3.90149;1.68991
1568902920929000000;-4.47083;-4.20667;0.164032
1568902920935000000;-2.27356;-4.2677;-1.54495
1568902920940000000;-0.442505;-3.90149;-2.70462
1568902920945000000;0.106812;-3.47424;-3.43704
1568902920950000000;-0.808716;-2.80286;-3.92532
1568902920955000000;-2.33459;-2.0094;-4.04739
1568902920960000000;-3.12805;-0.849731;-3.13187
1568902920965000000;-2.82288;0.248901;-1.78909
1568902920970000000;-0.50354;1.22546;-0.202179
1568902920976000000;2.48718;2.26306;1.14059
1568902920981000000;4.86755;2.99548;2.17819
1568902920986000000;4.68445;3.42273;3.15475
1568902920991000000;2.60925;3.36169;3.45993
1568902920996000000;0.0457764;3.05652;2.72751
1568902921001000000;-2.21252;2.5072;1.81198
1568902921006000000;-2.94495;1.71375;0.957489
1568902921012000000;-1.66321;1.04236;-0.385284
1568902921017000000;0.167847;0.309937;-1.72806
1568902921022000000;1.26648;-0.483521;-3.25394
1568902921027000000;0.900269;-1.03284;-3.98636
1568902921032000000;-0.747681;-1.94836;-4.10843
1568902921037000000;-2.88391;-2.43665;-4.29153
1568902921042000000;-4.53186;-2.74182;-3.86429
1568902921048000000;-4.776;-2.92493;-2.64359
1568902921053000000;-3.43323;-2.86389;-0.934601
1568902921058000000;-0.930786;-2.49768;0.347137
1568902921063000000;0.595093;-1.82629;1.56784
1568902921068000000;0.656128;-1.46008;2.3613
1568902921073000000;-0.747681;-0.910767;2.97165
1568902921079000000;-4.22668;0.00476074;1.75095
1568902921084000000;-4.22668;0.00476074;1.75095
1568902921089000000;-2.33459;1.16443;0.0419617
1568902921094000000;0.473022;2.01892;-0.934601
1568902921099000000;2.60925;2.75134;-1.91116
1568902921104000000;2.67029;3.23962;-2.64359
1568902921109000000;1.57166;3.48376;-2.82669
1568902921115000000;0.0457764;3.5448;-2.64359
1568902921120000000;-1.05286;3.48376;-1.9722
1568902921125000000;-1.23596;3.11755;-0.385284
1568902921130000000;-0.137329;2.62927;1.38474
1568902921135000000;1.87683;2.26306;2.91061
1568902921140000000;3.0365;1.71375;4.25339
1568902921145000000;1.75476;0.676147;5.04684
1568902921151000000;-0.991821;-0.605591;5.6572
1568902921156000000;-3.92151;-1.70422;5.90134
1568902921161000000;-5.50842;-2.68079;5.90134
1568902921166000000;-5.02014;-3.53528;5.47409
1568902921171000000;-3.43323;-4.14563;4.31442
1568902921176000000;-1.78528;-4.45081;2.60544
1568902921181000000;-0.50354;-4.38977;0.835419
1568902921186000000;-0.320435;-4.2677;-0.385284
1568902921192000000;-1.66321;-3.84045;-1.17874
1568902921197000000;-3.49426;-3.41321;-1.60599
1568902921202000000;-4.83704;-2.49768;-1.48392
1568902921207000000;-4.04358;-1.82629;-0.812531
1568902921212000000;-1.96838;-0.666626;-0.263214
1568902921217000000;-0.198364;0.248901;0.713348
1568902921222000000;-0.0152588;1.10339;1.75095
1568902921228000000;-1.17493;1.59167;2.72751
1568902921233000000;-3.12805;2.01892;3.582
1568902921238000000;-4.89807;2.3241;4.19235
1568902921243000000;-5.9967;2.44617;4.31442
1568902921248000000;-5.32532;2.3241;4.31442
1568902921253000000;-3.61633;2.20203;3.45993
1568902921258000000;-1.78528;1.83582;2.48337
1568902921263000000;-0.137329;1.59167;1.93405
1568902921269000000;-0.137329;1.22546;1.44577
1568902921274000000;-1.23596;0.432007;0.469208
1568902921279000000;-2.63977;-0.544556;-0.934601
1568902921284000000;-2.63977;-0.544556;-0.934601
1568902921289000000;-0.0152588;-1.52112;-0.507355
1568902921294000000;1.32751;-1.70422;-0.69046
1568902921299000000;1.26648;-1.88733;-0.263214
1568902921305000000;0.595093;-2.13147;0.164032
1568902921310000000;-0.747681;-2.07043;0.102997
1568902921315000000;-2.57874;-2.0094;-0.0190735
1568902921320000000;-3.86047;-1.94836;0.0419617
1568902921325000000;-4.10461;-1.52112;0.530243
1568902921330000000;-2.76184;-1.09387;0.591278
1568902921335000000;-1.35803;-0.422485;0.530243
1568902921340000000;-0.62561;0.248901;0.530243
1568902921346000000;-0.747681;0.737183;0.774384
1568902921351000000;-1.11389;1.16443;1.01852
1568902921356000000;-1.297;1.59167;1.50681
1568902921361000000;-1.41907;1.77478;2.11716
1568902921366000000;-1.05286;1.83582;2.72751
1568902921371000000;-0.0762939;1.53064;3.21579
1568902921376000000;1.57166;1.2865;3.15475
1568902921382000000;2.91443;0.981323;3.03268
1568902921387000000;2.79236;0.309937;2.48337
1568902921392000000;1.38855;-0.483521;1.56784
1568902921397000000;-0.320435;-1.21594;0.347137
1568902921402000000;-1.297;-1.88733;-0.934601
1568902921407000000;-1.54114;-2.31458;-2.09427
1568902921413000000;-0.686646;-2.61975;-3.25394
1568902921418000000;0.534058;-2.49768;-4.2305
1568902921423000000;1.57166;-2.25354;-4.35257
1568902921428000000;1.69373;-1.94836;-3.80325
1568902921433000000;0.900269;-1.33801;-2.88773
1568902921438000000;-0.320435;-0.727661;-1.66702
1568902921443000000;-1.41907;0.00476074;-0.44632
1568902921449000000;-0.808716;1.40857;2.72751
1568902921454000000;-0.808716;1.40857;2.72751
1568902921459000000;1.08337;2.26306;4.00925
1568902921464000000;1.87683;3.11755;4.55856
1568902921469000000;0.411987;3.17859;3.45993
1568902921474000000;-1.11389;2.99548;1.93405
1568902921479000000;-2.15149;2.75134;0.286102
1568902921484000000;-2.15149;2.75134;0.286102
1568902921490000000;-0.991821;1.95789;-3.13187
1568902921495000000;0.656128;1.71375;-4.53568
1568902921500000000;1.87683;1.2865;-5.63431
1568902921505000000;2.36511;0.859253;-6.06155
1568902921510000000;1.32751;0.248901;-5.69534
1568902921515000000;-0.0152588;-0.36145;-4.35257
1568902921520000000;-1.35803;-0.727661;-2.33841
1568902921526000000;-1.66321;-1.39905;0.225067
1568902921531000000;-0.869751;-1.94836;2.3613
1568902921536000000;0.595093;-2.13147;4.25339
1568902921541000000;1.32751;-2.55872;5.29099
1568902921546000000;0.778198;-2.86389;6.14548
1568902921551000000;-0.564575;-3.2301;6.08444
1568902921556000000;-2.63977;-3.41321;5.35202
1568902921562000000;-3.98254;-3.65735;3.88718
1568902921567000000;-3.67737;-3.47424;1.93405
1568902921572000000;-2.21252;-2.74182;-0.263214
1568902921577000000;-0.198364;-2.07043;-2.52151
1568902921582000000;1.38855;-0.971802;-4.04739
1568902921587000000;2.05994;-0.11731;-4.90189
1568902921592000000;1.75476;0.798218;-5.08499
1568902921598000000;1.08337;1.65271;-4.71878
1568902921603000000;0.228882;2.44617;-3.62015
1568902921608000000;0.106812;2.93445;-1.91116
1568902921613000000;0.961304;3.42273;0.164032
1568902921618000000;2.67029;3.17859;3.82614
1568902921623000000;2.67029;3.17859;3.82614
1568902921629000000;0.106812;2.01892;5.04684
1568902921634000000;0.106812;2.01892;5.04684
1568902921639000000;-3.7384;0.0657959;2.78854
1568902921644000000;-4.04358;-0.666626;1.38474
1568902921649000000;-3.25012;-1.46008;-0.56839
1568902921654000000;-1.35803;-2.07043;-2.27737
1568902921659000000;0.473022;-2.13147;-3.92532
1568902921664000000;2.36511;-2.13147;-5.02396
1568902921670000000;3.15857;-2.1925;-5.39017
1568902921675000000;3.09753;-2.0094;-4.77982
1568902921680000000;2.54822;-1.58215;-3.68118
1568902921685000000;3.2196;-1.15491;-1.9722
1568902921690000000;4.74548;-0.849731;0.347137
1568902921695000000;7.00378;-0.422485;2.42233
1568902921700000000;8.46863;0.00476074;3.94821
1568902921705000000;8.46863;0.0657959;4.86374
1568902921711000000;7.18689;0.0657959;5.16891
1568902921716000000;4.56238;-0.11731;4.68063
1568902921721000000;1.8158;-0.178345;3.52097
1568902921726000000;-0.137329;-0.605591;1.38474
1568902921731000000;-0.198364;-0.666626;-0.873566
1568902921736000000;0.411987;-0.544556;-3.0098
1568902921741000000;1.44958;-0.422485;-4.96292
1568902921747000000;1.51062;0.0657959;-6.24466
1568902921752000000;0.717163;0.432007;-6.61087
1568902921757000000;-0.259399;0.737183;-6.00052
1568902921762000000;-1.17493;1.2865;-4.96292
1568902921767000000;-1.35803;1.83582;-3.07083
1568902921772000000;-0.198364;2.26306;-0.44632
1568902921777000000;2.42615;2.62927;2.11716
1568902921783000000;5.05066;2.69031;4.25339
1568902921788000000;5.84412;2.5072;5.71823
1568902921793000000;4.74548;2.07996;6.63376
1568902921798000000;3.46375;1.34753;6.32858
1568902921803000000;2.54822;0.615112;5.16891
1568902921808000000;2.79236;-1.15491;1.38474
1568902921813000000;4.0741;-1.94836;-0.934601
1568902921819000000;4.98962;-2.49768;-3.1929
1568902921824000000;4.92859;-2.86389;-5.32913
1568902921829000000;4.92859;-2.86389;-5.32913
1568902921834000000;1.51062;-3.10803;-6.85501
1568902921839000000;-0.442505;-2.98596;-6.18362
1568902921844000000;-1.4801;-2.55872;-4.77982
1568902921849000000;-0.991821;-1.94836;-2.52151
1568902921854000000;0.167847;-0.971802;-0.141144
1568902921860000000;0.595093;-0.178345;1.87302
1568902921865000000;-0.0762939;0.432007;3.64304
1568902921870000000;-1.90735;0.920288;5.10788
1568902921875000000;-3.79944;1.53064;6.57272
1568902921880000000;-5.02014;1.83582;6.75583
1568902921885000000;-4.47083;1.95789;5.96237
1568902921890000000;-2.76184;2.20203;4.25339
1568902921895000000;-0.62561;2.26306;2.17819
1568902921901000000;1.26648;2.26306;0.164032
1568902921906000000;2.42615;2.01892;-1.60599
1568902921911000000;1.75476;1.83582;-2.94876
1568902921916000000;0.534058;1.22546;-3.86429
1568902921921000000;0.0457764;0.859253;-4.47464
1568902921926000000;0.289917;0.248901;-4.29153
1568902921932000000;1.69373;-0.23938;-3.31497
1568902921937000000;3.28064;-0.910767;-1.91116
1568902921942000000;3.70789;-1.27698;-0.507355
1568902921947000000;2.36511;-2.0094;0.835419
1568902921952000000;0.167847;-2.37561;2.23923
1568902921957000000;-2.21252;-2.98596;3.27682
1568902921962000000;-3.79944;-3.35217;3.64304
1568902921968000000;-4.22668;-3.41321;3.45993
1568902921973000000;-2.70081;-3.16907;3.15475
1568902921978000000;1.20544;-2.43665;1.07956
1568902921983000000;1.20544;-2.43665;1.07956
1568902921988000000;0.534058;-0.971802;-0.44632
1568902921993000000;-0.38147;-0.483521;-0.995636
1568902921998000000;-0.38147;-0.483521;-0.995636
1568902922004000000;0.106812;1.22546;-1.91116
1568902922009000000;1.9989;1.95789;-1.78909
1568902922014000000;4.31824;2.44617;-1.54495
1568902922019000000;5.53894;2.87341;-1.36185
1568902922024000000;5.23376;2.93445;-1.42288
1568902922029000000;2.67029;2.69031;-1.23978
1568902922034000000;0.167847;2.14099;-1.23978
1568902922040000000;-1.54114;1.59167;-1.48392
1568902922045000000;-1.4801;1.04236;-1.78909
1568902922050000000;0.167847;0.615112;-2.21634
1568902922055000000;2.60925;0.126831;-2.21634
1568902922060000000;4.31824;-0.23938;-2.46048
1568902922065000000;4.0741;-0.727661;-2.76566
1568902922070000000;2.60925;-1.21594;-2.46048
1568902922076000000;1.08337;-1.52112;-1.91116
1568902922081000000;-0.0152588;-1.88733;-1.30081
1568902922086000000;0.0457764;-1.88733;-0.507355
1568902922091000000;1.8158;-1.82629;0.164032
1568902922096000000;3.82996;-1.82629;0.835419
1568902922101000000;4.56238;-1.70422;0.896454
1568902922106000000;2.79236;-1.33801;0.530243
1568902922111000000;-0.259399;-1.39905;0.0419617
1568902922116000000;-3.31116;-1.09387;-0.629425
1568902922122000000;-5.02014;-0.727661;-1.30081
1568902922127000000;-4.53186;-0.23938;-2.39944
1568902922132000000;-2.39563;0.432007;-3.43704
1568902922137000000;0.228882;1.34753;-3.86429
1568902922142000000;1.8158;2.20203;-4.10843
1568902922147000000;1.69373;2.75134;-3.86429
1568902922153000000;0.411987;3.23962;-3.37601
1568902922158000000;-1.05286;3.5448;-2.39944
1568902922163000000;-1.60217;3.48376;-1.11771
1568902922168000000;1.93787;3.23962;1.56784
1568902922173000000;1.93787;3.23962;1.56784
1568902922178000000;5.17273;1.83582;3.52097
1568902922183000000;3.40271;0.615112;3.70407
1568902922189000000;0.106812;-0.727661;3.3989
1568902922194000000;-2.63977;-2.13147;2.72751
1568902922199000000;-4.28772;-3.47424;1.99509
1568902922204000000;-4.04358;-4.51184;0.896454
1568902922209000000;-2.27356;-5.18323;-0.44632
1568902922214000000;-0.442505;-5.4884;-1.54495
1568902922219000000;0.595093;-5.54944;-2.33841
1568902922224000000;0.473022;-5.24426;-2.46048
1568902922230000000;-0.686646;-4.75598;-2.76566
1568902922235000000;-3.06702;-4.02356;-3.0098
1568902922240000000;-3.86047;-3.047;-2.88773
1568902922245000000;-1.96838;-1.70422;-1.72806
1568902922250000000;0.106812;-0.36145;-0.56839
1568902922255000000;0.228882;0.737183;0.286102
1568902922260000000;-0.442505;1.71375;1.44577
1568902922266000000;-2.15149;2.5072;2.48337
1568902922271000000;-4.83704;3.05652;3.64304
1568902922276000000;-7.27844;3.17859;4.13132
1568902922281000000;-8.13293;3.42273;4.13132
1568902922286000000;-7.21741;3.48376;3.70407
1568902922291000000;-5.50842;3.30066;2.72751
1568902922297000000;-3.67737;2.93445;1.56784
1568902922302000000;-2.57874;2.69031;0.591278
1568902922307000000;-2.70081;2.01892;-0.69046
1568902922312000000;-3.98254;1.34753;-2.21634
1568902922317000000;-4.53186;0.676147;-3.92532
1568902922322000000;-3.00598;0.187866;-5.08499
1568902922327000000;-0.686646;-0.23938;-5.14603
1568902922332000000;2.18201;-0.727661;-4.65775
1568902922338000000;5.66101;-1.39905;-2.82669
1568902922343000000;5.66101;-1.39905;-2.82669
1568902922348000000;4.98962;-1.64319;-1.30081
1568902922353000000;2.60925;-2.0094;0.286102
1568902922358000000;-0.686646;-2.49768;2.66647
1568902922363000000;-0.869751;-2.49768;3.88718
1568902922368000000;0.0457764;-2.43665;4.98581
1568902922373000000;1.32751;-2.25354;5.10788
1568902922379000000;1.87683;-1.64319;4.8027
1568902922384000000;0.411987;-1.27698;4.31442
1568902922389000000;-1.84631;-0.971802;3.3989
1568902922394000000;-2.94495;-0.483521;2.30026
1568902922399000000;-2.39563;0.248901;1.38474
1568902922404000000;-0.62561;0.859253;0.408173
1568902922409000000;2.36511;1.65271;-0.56839
1568902922415000000;5.78308;2.5072;-1.60599
1568902922420000000;8.65173;3.11755;-2.27737
1568902922425000000;9.68933;3.23962;-2.70462
1568902922430000000;9.07898;3.11755;-2.46048
1568902922435000000;8.28552;3.05652;-2.09427
1568902922440000000;8.46863;2.69031;-1.17874
1568902922445000000;9.75037;2.07996;0.102997
1568902922451000000;11.7645;1.22546;1.3237
1568902922456000000;13.1683;0.370972;2.23923
1568902922461000000;12.3138;-0.727661;3.21579
1568902922466000000;9.99451;-2.0094;4.00925
1568902922471000000;6.45447;-3.2301;4.31442
1568902922476000000;2.79236;-4.45081;4.6196
1568902922481000000;-0.442505;-5.4884;4.55856
1568902922486000000;-2.21252;-6.28186;4.25339
1568902922492000000;-2.63977;-6.64807;3.27682
1568902922497000000;-2.94495;-6.526;1.87302
1568902922502000000;-3.79944;-6.03772;0.225067
1568902922507000000;-6.60706;-4.87805;-0.812531
1568902922512000000;-9.84192;-3.71838;-1.91116
1568902922517000000;-11.4899;-1.94836;-2.64359
1568902922522000000;-10.7574;0.00476074;-3.0098
1568902922528000000;-4.83704;4.15515;-2.70462
1568902922533000000;-4.83704;4.15515;-2.70462
1568902922538000000;1.93787;7.39001;-0.141144
1568902922543000000;1.93787;7.39001;-0.141144
1568902922548000000;5.17273;9.03796;3.21579
1568902922553000000;5.84412;8.85486;4.07028
1568902922558000000;7.24792;8.00037;4.49753
1568902922563000000;10.0555;6.71863;4.86374
1568902922569000000;13.5345;4.88757;4.74167
1568902922574000000;15.5487;2.75134;3.94821
1568902922579000000;15.7318;0.370972;2.91061
1568902922584000000;14.1449;-2.37561;1.3237
1568902922589000000;11.8256;-4.69495;-0.995636
1568902922594000000;8.52966;-6.89221;-3.55911
1568902922599000000;6.27136;-8.84534;-5.63431
1568902922605000000;5.53894;-9.94397;-6.54984
1568902922610000000;5.96619;-10.4933;-6.54984
1568902922615000000;5.2948;-10.5543;-5.87845
1568902922620000000;3.0365;-9.94397;-4.53568
1568902922625000000;0.289917;-8.47913;-2.39944
1568902922630000000;-2.15149;-6.95325;-0.0190735
1568902922635000000;-3.49426;-4.75598;2.48337
1568902922640000000;-3.12805;-2.37561;4.74167
1568902922646000000;-2.21252;-0.36145;6.69479
1568902922651000000;-0.442505;1.59167;8.03757
1568902922656000000;1.32751;3.84998;8.58688
1568902922661000000;2.42615;5.31482;7.9155
1568902922666000000;2.73132;6.71863;6.02341
1568902922671000000;2.18201;7.51208;3.27682
1568902922676000000;1.75476;7.69519;-0.0190735
1568902922682000000;2.42615;7.57312;-3.1929
1568902922687000000;5.2948;7.32898;-6.36673
1568902922692000000;8.83484;6.65759;-8.99124
1568902922697000000;11.4594;5.8031;-11.0664
1568902922702000000;12.619;4.88757;-12.2261
1568902922707000000;9.8114;2.44617;-9.41849
1568902922713000000;9.8114;2.44617;-9.41849
1568902922718000000;7.43103;1.10339;-6.36673
1568902922723000000;4.2572;0.00476074;-2.70462
1568902922728000000;-0.0152588;-2.25354;4.68063
1568902922733000000;-1.05286;-3.29114;7.42722
1568902922738000000;-4.22668;-4.2677;9.31931
1568902922743000000;-4.22668;-4.2677;9.31931
1568902922749000000;-12.4664;-5.85461;9.19724
1568902922754000000;-15.8234;-6.22083;7.18307
1568902922759000000;-17.2272;-5.97668;4.07028
1568902922764000000;-16.2506;-5.24426;0.347137
1568902922769000000;-13.8702;-3.90149;-3.13187
1568902922774000000;-10.6964;-2.13147;-6.18362
1568902922779000000;-7.09534;-0.422485;-8.50296
1568902922784000000;-4.16565;1.34753;-9.60159
1568902922790000000;-2.45667;3.17859;-9.66263
1568902922795000000;-0.991821;4.5824;-8.31985
1568902922800000000;0.717163;6.23035;-5.63431
1568902922805000000;3.46375;7.08484;-2.21634
1568902922810000000;6.39343;7.69519;1.20163
1568902922815000000;8.34656;7.63416;4.37546
1568902922820000000;7.91931;6.47449;6.93893
1568902922826000000;5.35583;4.70447;8.40378
1568902922831000000;1.93787;2.75134;9.1362
1568902922836000000;-1.96838;0.248901;8.83102
1568902922841000000;-5.26428;-2.13147;7.61032
1568902922846000000;-7.09534;-4.2677;5.10788
1568902922851000000;-8.0719;-6.28186;2.23923
1568902922856000000;-8.80432;-7.80774;-0.629425
1568902922862000000;-10.025;-9.02844;-2.94876
1568902922867000000;-11.8561;-9.51672;-4.77982
1568902922872000000;-14.4806;-9.57776;-5.63431
1568902922877000000;-15.8844;-8.29602;-5.57327
1568902922882000000;-16.0065;-6.40393;-4.65775
1568902922887000000;-14.6027;-4.38977;-3.07083
1568902922892000000;-11.9171;-2.43665;-0.995636
1568902922897000000;-6.60706;1.65271;3.33786
1568902922903000000;-6.60706;1.65271;3.33786
1568902922908000000;-5.9967;5.43689;5.71823
1568902922913000000;-5.9967;5.43689;5.71823
1568902922918000000;-5.8136;6.90173;5.22995
1568902922923000000;-3.37219;8.48865;2.60544
1568902922928000000;-0.991821;8.73279;0.896454
1568902922933000000;1.20544;8.48865;-0.934601
1568902922939000000;2.42615;7.51208;-2.33841
1568902922944000000;2.60925;6.04724;-3.1929
1568902922949000000;1.63269;4.33826;-3.74222
1568902922954000000;0.0457764;2.62927;-3.74222
1568902922959000000;-1.11389;0.615112;-2.70462
1568902922964000000;-1.35803;-1.21594;-1.17874
1568902922969000000;-0.564575;-2.98596;0.469208
1568902922975000000;0.289917;-4.38977;1.93405
1568902922980000000;0.350952;-5.79358;3.27682
1568902922985000000;-0.38147;-7.01428;4.07028
1568902922990000000;-2.5177;-7.80774;4.25339
1568902922995000000;-5.26428;-8.29602;4.37546
1568902923000000000;-7.82776;-8.29602;3.45993
1568902923006000000;-8.92639;-7.99084;1.99509
1568902923011000000;-8.49915;-6.77014;0.164032
1568902923016000000;-6.79016;-5.12219;-1.78909
1568902923021000000;-5.32532;-3.29114;-3.07083
1568902923026000000;-4.83704;-1.39905;-4.04739
1568902923031000000;-4.65393;0.859253;-4.10843
1568902923036000000;-4.47083;3.11755;-3.13187
1568902923041000000;-4.40979;4.88757;-1.9722
1568902923047000000;-3.43323;6.59656;-0.56839
1568902923052000000;-1.41907;8.00037;1.07956
1568902923057000000;1.63269;8.97693;3.27682
1568902923062000000;4.31824;9.34314;4.92477
1568902923067000000;4.86755;8.85486;5.53513
1568902923072000000;3.28064;7.93933;5.47409
1568902923077000000;1.38855;6.35242;4.8027
1568902923083000000;-0.320435;2.56824;1.56784
1568902923088000000;0.289917;0.737183;-0.69046
1568902923093000000;0.289917;0.737183;-0.69046
1568902923098000000;1.02234;-2.86389;-3.80325
1568902923103000000;0.228882;-4.38977;-5.20706
1568902923108000000;-1.54114;-5.61047;-5.87845
1568902923113000000;-4.34875;-6.526;-5.32913
1568902923118000000;-6.72913;-6.89221;-3.92532
1568902923124000000;-8.13293;-6.70911;-2.27737
1568902923129000000;-7.52258;-5.97668;-0.0801086
1568902923134000000;-6.30188;-4.93909;2.23923
1568902923139000000;-5.8136;-3.77942;4.00925
1568902923144000000;-6.36292;-2.43665;4.98581
1568902923149000000;-7.40051;-0.971802;6.02341
1568902923154000000;-8.98743;0.248901;6.93893
1568902923160000000;-9.23157;1.59167;6.75583
1568902923165000000;-8.0719;2.99548;5.53513
1568902923170000000;-5.8136;3.97205;3.52097
1568902923175000000;-3.18909;4.94861;1.50681
1568902923180000000;-0.50354;5.55896;-0.629425
1568902923185000000;0.839233;6.10828;-2.03323
1568902923190000000;0.289917;5.98621;-2.94876
1568902923196000000;-0.869751;5.49792;-3.25394
1568902923201000000;-1.66321;4.39929;-3.55911
1568902923206000000;-0.869751;3.36169;-3.25394
1568902923211000000;0.228882;2.38513;-2.46048
1568902923216000000;0.778198;0.737183;-1.11771
1568902923221000000;0.778198;-0.727661;-0.0190735
1568902923226000000;-0.198364;-2.1925;1.07956
1568902923232000000;-2.09045;-3.53528;2.17819
1568902923237000000;-4.65393;-4.69495;2.72751
1568902923242000000;-6.17981;-5.73254;2.78854
1568902923247000000;-6.79016;-6.58704;2.91061
1568902923252000000;-6.48499;-6.70911;2.84958
1568902923257000000;-5.26428;-6.77014;2.30026
1568902923262000000;-3.06702;-5.24426;1.01852
1568902923267000000;-3.5553;-4.08459;0.835419
1568902923273000000;-3.5553;-4.08459;0.835419
1568902923278000000;-4.34875;-1.33801;-0.263214
1568902923283000000;-3.49426;0.309937;-0.44632
1568902923288000000;-1.66321;1.83582;-0.385284
1568902923293000000;0.534058;3.23962;-0.812531
1568902923298000000;1.9989;4.33826;-1.42288
1568902923303000000;2.42615;5.31482;-1.9722
1568902923308000000;1.26648;5.8031;-2.27737
1568902923314000000;-0.0762939;5.74207;-2.46048
1568902923319000000;-0.869751;5.68103;-3.0098
1568902923324000000;-0.442505;5.31482;-3.43704
1568902923329000000;0.900269;4.5824;-3.31497
1568902923334000000;3.46375;3.66687;-3.1929
1568902923339000000;5.2948;2.75134;-3.25394
1568902923345000000;5.66101;1.4696;-2.76566
1568902923350000000;4.50134;0.126831;-2.03323
1568902923355000000;3.34167;-1.27698;-0.69046
1568902923360000000;2.54822;-2.61975;0.530243
1568902923365000000;2.48718;-3.90149;1.26266
1568902923370000000;3.09753;-4.81702;1.99509
1568902923375000000;3.95203;-5.73254;2.5444
1568902923381000000;4.44031;-6.09875;2.11716
1568902923386000000;3.40271;-6.22083;1.07956
1568902923391000000;1.14441;-6.09875;0.102997
1568902923396000000;-1.78528;-5.73254;-0.995636
1568902923401000000;-3.25012;-4.75598;-2.46048
1568902923406000000;-3.37219;-3.29114;-4.10843
1568902923411000000;-1.78528;-1.52112;-5.4512
1568902923416000000;0.0457764;0.370972;-6.12259
1568902923422000000;1.87683;2.26306;-6.42776
1568902923427000000;3.34167;4.09412;-6.00052
1568902923432000000;3.64685;5.92517;-5.02396
1568902923437000000;2.48718;7.69519;-1.48392
1568902923442000000;2.48718;7.69519;-1.48392
1568902923447000000;4.74548;8.00037;2.5444
1568902923452000000;6.94275;7.14587;4.49753
1568902923458000000;8.16345;5.86414;5.22995
1568902923463000000;7.18689;4.21619;4.37546
1568902923468000000;4.68445;2.14099;2.91061
1568902923473000000;2.73132;0.126831;1.56784
1568902923478000000;1.8158;-2.0094;-0.0190735
1568902923483000000;1.51062;-4.08459;-1.66702
1568902923488000000;2.97546;-5.73254;-3.25394
1568902923493000000;5.96619;-7.01428;-4.2305
1568902923499000000;7.85828;-7.86877;-4.4136
1568902923504000000;8.89587;-8.35706;-4.35257
1568902923509000000;8.65173;-8.17395;-3.80325
1568902923514000000;7.00378;-7.7467;-2.09427
1568902923519000000;4.92859;-7.13635;-0.0190735
1568902923524000000;3.52478;-6.03772;1.81198
1568902923529000000;3.15857;-4.87805;3.27682
1568902923534000000;2.73132;-3.41321;4.07028
1568902923540000000;1.75476;-1.82629;4.13132
1568902923545000000;-0.0152588;-0.483521;3.3989
1568902923550000000;-2.33459;1.04236;2.30026
1568902923555000000;-5.20325;2.44617;1.3237
1568902923560000000;-8.01086;3.48376;-0.0801086
1568902923565000000;-8.92639;4.46033;-2.1553
1568902923571000000;-7.70569;5.68103;-4.10843
1568902923576000000;-5.44739;6.65759;-5.32913
1568902923581000000;-3.06702;7.14587;-5.4512
1568902923586000000;-0.747681;7.45105;-5.02396
1568902923591000000;1.20544;7.45105;-3.80325
1568902923596000000;2.85339;6.8407;-2.27737
1568902923601000000;4.31824;5.92517;-0.934601
1568902923607000000;6.21033;4.5824;0.652313
1568902923612000000;8.89587;2.87341;2.3613
1568902923617000000;13.5345;-1.27698;5.16891
1568902923622000000;13.5345;-1.27698;5.16891
1568902923627000000;11.3373;-6.03772;4.13132
1568902923632000000;7.73621;-8.05188;2.48337
1568902923638000000;3.82996;-9.69983;0.469208
1568902923643000000;-0.0152588;-10.7374;-1.48392
1568902923648000000;-2.57874;-11.3478;-3.13187
1568902923653000000;-3.98254;-11.0426;-4.35257
1568902923658000000;-5.02014;-9.8219;-5.4512
1568902923663000000;-6.48499;-7.80774;-6.06155
1568902923668000000;-8.49915;-5.12219;-5.87845
1568902923674000000;-10.1471;-2.13147;-4.65775
1568902923679000000;-11.4899;0.920288;-2.52151
1568902923684000000;-11.0626;4.09412;-0.0190735
1568902923689000000;-8.43811;7.26794;2.48337
1568902923694000000;-4.47083;9.89246;4.86374
1568902923699000000;-0.50354;11.9066;6.38962
1568902923704000000;2.48718;13.4935;7.30515
1568902923710000000;4.2572;14.0428;7.48825
1568902923715000000;5.66101;13.6156;7.36618
1568902923720000000;6.88171;12.2118;6.57272
1568902923725000000;8.46863;10.0145;4.8027
1568902923730000000;10.6659;7.32898;1.99509
1568902923735000000;12.558;4.46033;-0.751495
1568902923740000000;12.6801;1.10339;-3.1929
1568902923745000000;11.2152;-2.68079;-4.53568
1568902923751000000;8.46863;-6.526;-5.08499
1568902923756000000;4.37927;-9.27258;-4.59671
1568902923761000000;0.350952;-10.5543;-3.49808
1568902923766000000;-2.76184;-11.714;-2.33841
1568902923771000000;-4.95911;-12.3854;-0.56839
1568902923776000000;-6.97327;-12.6906;1.68991
1568902923781000000;-9.47571;-12.3243;4.07028
1568902923787000000;-12.1002;-11.3478;6.38962
1568902923792000000;-14.6027;-9.51672;7.9155
1568902923797000000;-17.5934;-7.07532;8.58688
1568902923802000000;-19.7906;-4.32874;8.34274
1568902923807000000;-18.5699;1.83582;5.71823
1568902923812000000;-18.5699;1.83582;5.71823
1568902923817000000;-12.7716;5.62;2.42233
1568902923823000000;-12.7716;5.62;2.42233
1568902923828000000;-7.64465;9.099;-2.39944
1568902923833000000;-5.8136;10.3197;-4.2305
1568902923838000000;-3.92151;11.1742;-4.84085
1568902923843000000;-1.84631;11.4183;-4.71878
1568902923848000000;-1.84631;11.4183;-4.71878
1568902923854000000;5.53894;9.83142;-3.55911
1568902923859000000;9.07898;8.18347;-2.21634
1568902923864000000;10.788;5.8031;-0.69046
1568902923869000000;10.5438;2.99548;1.01852
1568902923874000000;8.7738;0.0657959;2.5444
1568902923879000000;6.63757;-2.74182;4.19235
1568902923884000000;4.68445;-5.4884;5.29099
1568902923889000000;3.0365;-7.7467;5.71823
1568902923894000000;2.05994;-9.76086;5.22995
1568902923900000000;1.26648;-11.2867;4.49753
1568902923905000000;-0.808716;-12.5685;3.52097
1568902923910000000;-4.16565;-13.1178;2.23923
1568902923915000000;-7.88879;-12.8737;0.591278
1568902923920000000;-11.8561;-11.5919;-1.05667
1568902923925000000;-15.4572;-9.33362;-2.1553
1568902923930000000;-17.5934;-6.40393;-3.1929
1568902923936000000;-17.0441;-2.92493;-4.04739
1568902923941000000;-14.4196;0.676147;-4.10843
1568902923946000000;-12.1613;4.39929;-3.55911
1568902923951000000;-10.2692;7.26794;-2.76566
1568902923956000000;-8.98743;9.2821;-2.21634
1568902923961000000;-7.40051;11.1742;-1.42288
1568902923966000000;-5.20325;12.7611;0.286102
1568902923971000000;-1.4801;13.4325;1.93405
1568902923977000000;3.58582;13.7377;2.84958
1568902923982000000;8.34656;13.1884;3.582
1568902923987000000;12.6801;8.24451;4.37546
1568902923992000000;12.1307;4.46033;3.88718
1568902923997000000;9.68933;0.676147;3.15475
1568902924002000000;6.88171;-1.88733;2.23923
1568902924007000000;4.74548;-4.38977;1.07956
1568902924013000000;3.82996;-6.89221;-0.324249
1568902924018000000;3.09753;-9.02844;-2.03323
1568902924023000000;1.08337;-11.1647;-3.43704
1568902924028000000;-1.72424;-12.6906;-4.71878
1568902924033000000;-4.71497;-13.3009;-5.57327
1568902924038000000;-7.82776;-12.8737;-5.63431
1568902924043000000;-10.6964;-11.2867;-5.08499
1568902924049000000;-11.795;-8.96741;-3.80325
1568902924054000000;-10.7574;-6.22083;-2.27737
1568902924059000000;-9.04846;-3.16907;-0.751495
1568902924064000000;-6.91223;0.0657959;1.26266
1568902924069000000;-5.08118;2.81238;3.64304
1568902924074000000;-3.79944;4.70447;5.77927
1568902924079000000;-3.37219;6.71863;7.24411
1568902924085000000;-3.00598;8.36658;7.85446
1568902924090000000;-1.66321;9.34314;7.9155
1568902924095000000;0.778198;10.3807;6.57272
1568902924100000000;3.46375;10.1366;4.43649
1568902924105000000;4.74548;9.2821;2.11716
1568902924110000000;4.74548;7.75623;-0.141144
1568902924115000000;4.0741;5.68103;-2.58255
1568902924121000000;2.97546;3.97205;-5.20706
1568902924126000000;2.12097;1.59167;-7.22122
1568902924131000000;1.57166;-0.544556;-8.31985
1568902924136000000;2.54822;-2.55872;-8.44193
1568902924141000000;3.89099;-4.02356;-7.34329
1568902924146000000;4.86755;-5.3053;-5.20706
1568902924151000000;4.50134;-6.70911;-2.58255
1568902924157000000;2.42615;-7.68567;2.91061
1568902924162000000;2.42615;-7.68567;2.91061
1568902924167000000;1.32751;-7.38049;8.34274
1568902924172000000;1.32751;-7.38049;8.34274
1568902924177000000;1.51062;-5.79358;9.56345
1568902924182000000;1.51062;-5.79358;9.56345
1568902924187000000;0.595093;-3.2301;6.02341
1568902924192000000;-1.11389;-1.82629;2.60544
1568902924198000000;-2.76184;-0.178345;-0.812531
1568902924203000000;-3.37219;1.4696;-3.98636
1568902924208000000;-3.06702;3.17859;-6.4888
1568902924213000000;-1.78528;4.82654;-8.7471
1568902924218000000;0.473022;6.47449;-10.0288
1568902924223000000;2.42615;7.75623;-9.90677
1568902924232000000;3.40271;8.48865;-8.50296
1568902924237000000;3.58582;8.54968;-2.70462
1568902924242000000;3.58582;8.54968;-2.70462
1568902924247000000;5.84412;6.65759;4.31442
1568902924252000000;7.85828;4.82654;6.99997
1568902924257000000;9.93347;2.87341;8.64792
1568902924263000000;10.5438;0.676147;9.38034
1568902924268000000;9.07898;-1.94836;9.1362
1568902924273000000;6.57654;-4.45081;7.30515
1568902924278000000;4.68445;-6.526;4.37546
1568902924283000000;3.15857;-8.23499;1.01852
1568902924288000000;2.18201;-9.57776;-2.33841
1568902924293000000;2.30408;-10.1881;-5.4512
1568902924298000000;2.67029;-10.066;-8.13675
1568902924304000000;2.30408;-9.08948;-9.72366
1568902924309000000;0.534058;-7.5636;-9.66263
1568902924314000000;-1.11389;-5.54944;-8.93021
1568902924319000000;-2.5177;-3.16907;-7.03812
1568902924324000000;-2.94495;-0.605591;-4.2305
1568902924329000000;-1.90735;1.83582;-0.69046
1568902924334000000;0.0457764;4.03308;2.78854
1568902924340000000;1.9989;6.10828;5.41306
1568902924345000000;2.48718;7.8783;7.30515
1568902924350000000;2.12097;8.79382;8.22067
1568902924355000000;1.75476;9.2821;8.22067
1568902924360000000;1.51062;9.099;6.93893
1568902924365000000;1.8158;8.0614;4.86374
1568902924370000000;2.85339;6.90173;2.11716
1568902924376000000;4.62341;5.19275;-0.629425
1568902924381000000;6.5155;3.48376;-3.55911
1568902924386000000;7.67517;1.65271;-6.30569
1568902924391000000;7.06482;-0.544556;-7.46536
1568902924396000000;4.13513;-4.51184;-7.40433
1568902924401000000;4.13513;-4.51184;-7.40433
1568902924406000000;3.09753;-5.79358;-6.00052
1568902924412000000;2.42615;-7.07532;-3.62015
1568902924417000000;2.24304;-8.23499;0.713348
1568902924422000000;2.24304;-8.23499;0.713348
1568902924427000000;-1.23596;-7.80774;4.68063
1568902924432000000;-1.23596;-7.80774;4.68063
1568902924437000000;-4.95911;-5.85461;6.45065
1568902924442000000;-5.38635;-4.02356;5.47409
1568902924447000000;-4.83704;-2.13147;4.07028
1568902924453000000;-3.12805;0.00476074;2.23923
1568902924458000000;-0.930786;1.89685;0.286102
1568902924463000000;0.473022;4.03308;-1.42288
1568902924468000000;1.20544;5.55896;-2.46048
1568902924473000000;1.02234;6.96277;-3.55911
1568902924478000000;0.961304;8.00037;-4.2305
1568902924483000000;2.05994;8.42761;-4.35257
1568902924489000000;3.70789;8.67175;-3.43704
1568902924494000000;5.59998;7.93933;-2.21634
1568902924499000000;6.69861;6.77966;-1.11771
1568902924504000000;6.14929;5.13171;0.164032
1568902924509000000;4.50134;3.05652;1.20163
1568902924514000000;2.42615;0.920288;1.81198
1568902924519000000;0.656128;-1.27698;1.99509
1568902924525000000;0.167847;-3.29114;1.93405
1568902924530000000;0.778198;-5.18323;1.44577
1568902924535000000;2.12097;-6.70911;0.896454
1568902924540000000;3.58582;-7.80774;0.347137
1568902924545000000;3.64685;-8.6012;-0.324249
1568902924550000000;2.05994;-8.84534;-0.385284
